factor,view,genes,abs_mean_weight
F1,RNA_pos,RARRES1;DNMT1;ZP3;EIF4G2;ZP4;ACTB;TSPAN3;HIF1A;PKM;ARRDC4;SERPINE2;ASTN1;DPPA5;ATXN2;NAT10;MCUB;ANXA5;VIM;HSPA5;UHRF2;SQSTM1;ANXA2;GSTA4;CTSB;RPIA;AKIRIN2;CALU;MMADHC;EGR1;CBLL1,0.6618477306228627
F1,RNA_neg,EGFLAM;SLC3A1;RIBC1;KDF1;CCDC38;P2RY11;SCTR;FAM216A;VRTN;ATP6V0D2;PTRH2;PLEKHA5;ETNPPL;CLDN8;GLDC;BCAT1;ACAA2;PTN;ABHD17C;GPX6;RBM47;HABP2;PP2D1;BLVRB;IFT172;LPCAT2;GJB1;HMGCL;LSMEM2;NT5DC2,0.06331326176639014
F1,METH_pos,ZP3;ZP4;DNMT1;GDF9;ZP2;DPPA5;RARRES1;KPNA7;ASTN1;DYNLL2;INPP1;AKIRIN2;TSPAN3;MOS;ACTB;HSPA5;FDFT1;SIN3A;EIF4G2;NAT10;GRIP1;WEE2;BTG4;UHRF2;ARRDC4;MANBA;MAPT;CBLL1;MCUB;FXYD6,0.8554156099412594
F1,METH_neg,P2RY11;HMGCL;PP2D1;SCTR;GJB1;PUSL1;GJB5;ATP6V0D2;UPK1B;CLDN8;BCAT1;MTFP1;CDC20;PKIA;EIF3G;SLC34A2;NT5DC2;SYNC;APBB3;SLC1A3;SRPK3;TP53I3;CXCL14;GAMT;TPI1;CA2;SLC3A1;TMEM101;ATP6V1C2;PPP1CA,0.046918727038255725
F2,RNA_pos,ANXA1;WWTR1;RHOD;CDC42EP1;CCDC68;CFLAR;TPM2;SLC13A4;PLP2;PXDN;P2RY11;PP2D1;PUSL1;CXCL14;GSTA4;CDC20;PPP1CA;SRPK3;CLIC6;COL4A2;CDX4;RAB24;APBB3;ADAM9;GAMT;HMGCL;PTGES;ACTA2;PHGDH;GJB5,0.04824619193526962
F2,RNA_neg,RNF19A;API5;PGRMC1;BUB3;ELL2;CNOT9;PPRC1;FERMT2;BCKDK;CCSER2;TTC3;NAA20;FAM3C;DNAJB1;KDM5A;SELENOS;PPP6C;SERTAD3;ITGB1;PTCD3;GHITM;RBBP5;RAB10;BUD23;ACOX1;CDV3;COG6;CLPX;HACD3;TAF7,0.9600133739407448
F2,METH_pos,FAM83D;HELLS;DCAF1;WDR77;NAAA;OCLN;PGM5;AMOT;MAPK8IP3;APRT;CAMK2D;USP28;SGPP2;UCP2;SCAP;SENP5;CRAT;CCDC51;TCAF1;PPP4R3B;PEX3;ZNF396;CENPI;IPO5;PHKG2;MKNK1;PDK3;NAB1;ABCB8;DENND2C,0.3020257084272922
F2,METH_neg,CTSB;MED7;FTL;PLGRKT;RPN2;ADAD1;VCAN;SERPINE2;P3H1;TRAK2;ITM2B;ASNS;HSPA5;NGLY1;CALU;CYB5A;TMEM70;GNAI1;GJA1;EXOC5;PDIA3;EEF1G;BNIP3;SLC25A3;ORC1;RARRES1;CHODL;HSD17B7;PLOD1;NDC1,0.25127826038426365
F3,RNA_pos,ZP2;ZP4;SYCN;PARP12;ZP3;B3GNT4;TACSTD2;HENMT1;DNMT3B;DPEP1;ARL15;GDF9;KCTD9;STK35;SH3PXD2A;USP53;UBASH3B;PCOLCE2;C9orf72;MANBA;ISL1;ERC2;PHC3;SLC1A5;FLNC;HNF1B;IQGAP3;PLLP;SCYL3;SLC35G1,0.9593432974463625
F3,RNA_neg,FKBP10;ACTA2;PTGES;ITM2A;ARRDC3;FSCN1;COL4A2;EPHX2;TIA1;GDE1;TGIF1;GJA1;SPARC;ANXA6;PXDN;NQO1;FCGRT;HK1;CDH2;TMEM98;APP;ATF3;SLC39A1;TIGAR;GYG1;DBNL;MAGED1;CREB3;NECTIN2;CLU,1.1647808113254723
F3,METH_pos,WSB1;MRM3;ADAM10;DCLRE1A;SRPX;ABCB8;LMBRD1;GIN1;GANAB;ITGB1;HCCS;KLHDC2;CPD;PNP;ST14;ACTR8;ADH5;KBTBD4;PDIA3;PLOD1;MEST;TFIP11;LAPTM4A;MANBA;PHF13;ALDH2;ZP4;CDCA7;CHID1;TTC5,0.4459823080931039
F3,METH_neg,TDRKH;SMPDL3A;NUP43;FBLN2;RTCA;MTHFD2;ATP6V1A;LTN1;FANCM;NCOA1;MYO5C;SKP2;CDKL5;KCTD20;PDZD9;PHIP;BLVRB;DDX56;DYNC1LI1;PLA2G4A;SCML2;PTCD3;BRD8;MTM1;SPAG1;ENTPD5;BROX;KIF13B;MGA;MICU1,0.5106410501549531
F4,RNA_pos,DNAJB9;GDF9;GOLT1B;MRPS31;IL6ST;PDIA3;STK38L;GREB1L;CPD;UNC50;HSPA5;CDK5;ZP3;ASAH1;NAALAD2;SNX9;STX12;ATL2;ANLN;HNF1B;SSR2;DDX50;IVNS1ABP;GFM2;FBXO5;DDX56;RHEBL1;MCAT;L3MBTL3;SDCBP,0.8054902365228088
F4,RNA_neg,PSMC6;NEIL3;PMS1;ZFP1;FGFR1OP2;CUL4B;ANXA4;RAD51AP1;SCFD1;TBPL1;ZNF451;TMEM41B;CCDC181;ERLEC1;RHNO1;ARPC5;FAM114A1;LRRC42;DLST;ATP13A3;DNAH11;TCEAL9;PUS3;NPEPPS;BBS7;FNDC3B;KDM3A;RBPMS;ATF7IP2;CCDC18,0.7647606802211547
F4,METH_pos,MDH1;ALDH2;HAT1;PGAM1;S100A10;ITGA5;TMEM98;CYBRD1;COMMD3;APRT;LRPAP1;PAIP2;PRDX6;BDH2;CAPG;PLOD1;MSN;ACTR8;LIMS1;EEF1G;PRKAR1A;KPNA1;ANXA4;CXCL14;ANXA6;ZNF146;HAUS1;GTF3C6;ANO6;GSS,1.1255441650992997
F4,METH_neg,CMTM8;MSH3;TC2N;SBNO1;ABHD17B;KIF3A;PELI1;MED7;UBAP1;HNF1B;HELB;PLA2G4A;TCF7L1;IPO8;NUP160;TMEM216;RAD1;MLLT3;AP3M1;ALG13;KANK1;DDX43;CEP78;DDHD1;RAB8B;KIF13B;SYCN;UTP6;KCTD9;USP37,0.9996421378778713
F5,RNA_pos,NR6A1;GRWD1;TUFT1;HAUS1;CDK7;TTK;PDE6C;GSTM3;HSPA4;GNPTAB;SNRK;MMS22L;SNX25;MED14;CCDC150;TFIP11;FKBP9;UBASH3B;CBLB;RBBP5;PEX1;PLEKHB2;CHTOP;MRPS10;URM1;BTBD3;RCAN1;ORC2;ABCD3;GTF2B,0.6724111993573766
F5,RNA_neg,PCMT1;SRP54;CHD6;ARPC1B;KLHDC2;PREPL;DNMT1;TIMP1;MIA3;FBXL5;MED28;LINS1;RHPN2;DNAJB1;FBXO9;SEC61A1;NKAP;NFKBIA;CTBS;GLRX3;ATP6AP2;FLOT1;BMP15;HSPA4L;ADPGK;PUS3;IDE;TBRG4;ETF1;PSPH,0.8710480567032729
F5,METH_pos,KIF16B;GRHPR;NSDHL;AGTRAP;DDOST;DHX40;MESD;BPNT1;CERS4;MRM3;TTC17;COMMD4;TLN2;GNAI1;BNIP3;NUF2;P3H1;SCAMP4;HMGN3;NDUFAF1;NUBP2;SCG5;BCKDK;SUMF1;URM1;SERINC5;TPM1;OGT;NEK9;AAGAB,0.919215216466777
F5,METH_neg,FABP5;CXCL14;LGALS3;HBEGF;FTL;BMPER;APOE;USP44;BOD1L1;FBXL20;SMPDL3A;MCM2;LIPA;NEK6;DNMT1;ZBTB11;LGMN;MYSM1;DCAF1;RGL1;ARID4A;ME2;MYO6;SCYL2;ARL4D;SLAIN2;STX17;PAIP1;CEP152;SAT1,0.9561815255751168
F6,RNA_pos,GMPR2;IMP4;VPS26A;GEMIN6;HBS1L;ZC3HC1;SPTLC1;FARSA;SNRNP40;NECAP2;SLC25A1;PDZD11;GLRX5;PIH1D1;GNPDA2;EFTUD2;AAR2;CDK10;CNPY3;FLOT1;SLC35F5;ARFGAP2;TCN2;BLOC1S2;GBE1;AEN;ACAA1;SLC30A7;ACAT1;ADM,1.319296697816058
F6,RNA_neg,SMPDL3A;TJP2;MINPP1;TRAPPC6B;DHX8;VPS39;ZDHHC5;FBXO34;BLZF1;OSBPL6;CEP78;TPMT;SUCO;CEP85L;HAPLN1;IPPK;LRRFIP2;CSRNP1;COQ10B;TTC17;CHST10;NEU1;PRPF3;AHI1;EDC3;RCBTB1;GTF2H3;NPEPPS;OSBPL1A;RCC1,1.1812566868324121
F6,METH_pos,FYTTD1;TBC1D15;STX12;SYCN;OSTF1;TIMM22;INTS14;PIGC;WDR91;ZCCHC7;CAT;CROT;MAGT1;NUF2;NECAP2;RPN1;PPAT;UBA5;SLC35A1;PIGT;NGLY1;NEK2;MFGE8;RPGR;PLOD2;UTP4;NDUFA10;NXT2;MORF4L2;MYNN,1.2749180116108436
F6,METH_neg,ENC1;CRABP2;CNOT8;ACOT7;CUTC;MLST8;ZNF622;ANXA6;RAD1;GAPVD1;FASN;AP1G2;INTS2;GSS;CPT1A;INTS8;BLOC1S2;STAM2;NPEPPS;ITPK1;PCID2;TMEM168;TLK2;TRAPPC2L;UCP2;SMU1;SLC10A3;GOLT1B;BAMBI;KDM5A,1.0510504885747112
F7,RNA_pos,CERS4;FKBP10;GJC1;ACSF2;PKP2;AGTRAP;LRPAP1;GMPR2;BAZ2B;BTG3;SERPING1;RIPOR1;ATXN2;ZP4;SUCLG2;DNMT1;TACC3;COMMD4;SEC23B;GDPD5;GNPDA2;GSTM3;RPN2;DET1;LEPROT;AKAP8L;ACOT9;WDR74;PSMD3;LTN1,0.3979048230520178
F7,RNA_neg,CCDC90B;DOCK7;EIPR1;USP11;CD47;SELENOS;ERC2;CKAP2L;FKBP15;TBPL1;MKNK1;DNAJC9;IFIT5;NPAT;TTK;CEP63;TSGA10;ESYT1;SPC25;SPATS2L;FBXO4;COPA;ANGEL2;ABRAXAS2;PGM3;STARD7;GPD2;REPS2;MYSM1;CEP78,0.46591380215744743
F7,METH_pos,ZP3;GDF9;ZP4;ZP2;DND1;JPH1;ADAD1;PODXL;FOXR1;PIK3R4;EDEM2;TDRD10;PPCDC;PDE6C;SFR1;SPINT1;SNX7;BMP15;ZKSCAN1;SPPL2B;METTL6;TMX2;UCHL1;MTM1;HYAL2;DMD;HAUS1;TLR7;FUCA1;APBB2,1.344936936439049
F7,METH_neg,EEF1G;ITM2B;ALDH2;RHOA;SLC25A3;ARFGAP3;DNAJC10;UQCRC1;MRPL3;CSDE1;CCNG1;CSNK2A1;ELL2;MORF4L2;PCMTD1;SQSTM1;SRI;SLC38A2;SGTA;ACTR2;RBMX;NAGK;STRAP;SDF4;COPA;PGAM1;NECAP2;PTGES;DNAJB1;SUDS3,1.4099698507314866
