,condition,stage,ref_stage,cell,displacement
0,in_vivo,E2,E2,E2_0,12.132034588167302
1,in_vivo,E2,E2,E2_1,12.636612882168972
2,in_vivo,E2,E2,E2_2,11.697517063769416
3,in_vivo,E2,E2,E2_3,9.752617237426321
4,in_vivo,E2,E2,E2_4,9.215838748340374
5,in_vivo,E2,E2,E2_5,14.184934414815716
6,in_vivo,E2,E2,E2_6,11.96762824651066
7,in_vivo,E2,E2,E2_7,13.149871004731184
8,in_vivo,E2,E2,E2_8,10.581931649861916
9,in_vivo,E2,E2,E2_9,8.911467763043543
10,in_vivo,E2,E2,E2_10,8.568528777611203
11,in_vivo,E2,E2,E2_11,8.712033434363798
12,in_vivo,E2,E2,E2_12,8.355195639497158
13,in_vivo,E2,E2,E2_13,8.845882045126777
14,in_vivo,E2,E2,E2_14,10.335156225703857
15,in_vivo,E2,E2,E2_15,8.347102989601849
16,in_vivo,E3,E3,E3_0,11.964093337387647
17,in_vivo,E3,E3,E3_1,13.791921391656835
18,in_vivo,E3,E3,E3_2,14.935935979680242
19,in_vivo,E3,E3,E3_3,11.115405798376944
20,in_vivo,E3,E3,E3_4,12.600825181198044
21,in_vivo,E3,E3,E3_5,14.036466638057126
22,in_vivo,E3,E3,E3_6,14.824063782076099
23,in_vivo,E3,E3,E3_7,16.204129032392583
24,in_vivo,E3,E3,E3_8,10.631778119138987
25,in_vivo,E3,E3,E3_9,13.663800802690396
26,in_vivo,E3,E3,E3_10,12.401314515032098
27,in_vivo,E3,E3,E3_11,14.215329588299191
28,in_vivo,E3,E3,E3_12,17.001407101595614
29,in_vivo,E3,E3,E3_13,17.436065843696152
30,in_vivo,E3,E3,E3_14,16.787372876089442
31,in_vivo,E3,E3,E3_15,12.462848423568687
32,in_vivo,E3,E3,E3_16,12.879395362332211
33,in_vivo,E3,E3,E3_17,8.552768960036651
34,in_vivo,E3,E3,E3_18,10.83120532347302
35,in_vivo,E3,E3,E3_19,10.578262192012277
36,in_vivo,E3,E3,E3_20,9.09124878485852
37,in_vivo,E3,E3,E3_21,15.557058863439163
38,in_vivo,E3,E3,E3_22,11.188766337795931
39,in_vivo,E3,E3,E3_23,8.348909013316023
40,in_vivo,E3,E3,E3_24,9.850231925492155
41,in_vivo,E3,E3,E3_25,9.783970846243811
42,in_vivo,E3,E3,E3_26,12.745912930360218
43,in_vivo,E3,E3,E3_27,13.233411683339895
44,in_vivo,E3,E3,E3_28,8.487905483237105
45,in_vivo,E3,E3,E3_29,17.951362198056685
46,in_vivo,E3,E3,E3_30,10.253890091703418
47,in_vivo,E3,E3,E3_31,14.499233811187176
48,in_vivo,E3,E3,E3_32,8.444371645211202
49,in_vivo,E3,E3,E3_33,8.571145873747104
50,in_vivo,E3,E3,E3_34,8.761241871296535
51,in_vivo,E3,E3,E3_35,8.584707238282695
52,in_vivo,E3,E3,E3_36,8.356724993899485
53,in_vivo,E3,E3,E3_37,8.782432113126188
54,in_vivo,E3,E3,E3_38,9.153701256145023
55,in_vivo,E3,E3,E3_39,8.908019064302817
56,in_vivo,E3,E3,E3_40,9.071457587066474
57,in_vivo,E3,E3,E3_41,9.442678578031396
58,in_vivo,E3,E3,E3_42,9.371025137714351
59,in_vivo,E3,E3,E3_43,9.391682874254176
60,in_vivo,E3,E3,E3_44,9.011296852595795
61,in_vivo,E3,E3,E3_45,8.61631020224279
62,in_vivo,E3,E3,E3_46,8.679737038295764
63,in_vivo,E3,E3,E3_47,10.447999364121346
64,in_vivo,E3,E3,E3_48,8.83046887564851
65,in_vivo,E3,E3,E3_49,8.821667104517513
66,in_vivo,E3,E3,E3_50,8.673036849664625
67,in_vivo,E3,E3,E3_51,8.778076686438135
68,in_vivo,E3,E3,E3_52,8.957049490376674
69,in_vivo,E3,E3,E3_53,8.647268647833291
70,in_vivo,E3,E3,E3_54,9.013638998090542
71,in_vivo,E3,E3,E3_55,9.275900312461383
72,in_vivo,E3,E3,E3_56,8.815944250442708
73,in_vivo,E3,E3,E3_57,9.428348574861182
74,in_vivo,E3,E3,E3_58,8.558116775753732
75,in_vivo,E3,E3,E3_59,8.662622296776988
76,in_vivo,E3,E3,E3_60,10.211403843927627
77,in_vivo,E3,E3,E3_61,8.462493722579923
78,in_vivo,E3,E3,E3_62,8.433685224696053
79,in_vivo,E3,E3,E3_63,8.934429198409214
80,in_vivo,E3,E3,E3_64,10.003572322898277
81,in_vivo,E3,E3,E3_65,8.916502810899473
82,in_vivo,E3,E3,E3_66,8.40580880275602
83,in_vivo,E3,E3,E3_67,11.110678849854198
84,in_vivo,E3,E3,E3_68,9.664555739376063
85,in_vivo,E3,E3,E3_69,9.472351287086218
86,in_vivo,E3,E3,E3_70,8.716562363461234
87,in_vivo,E3,E3,E3_71,8.645357844713402
88,in_vivo,E3,E3,E3_72,9.161237785711517
89,in_vivo,E3,E3,E3_73,9.053994416559204
90,in_vivo,E3,E3,E3_74,9.316668701523824
91,in_vivo,E3,E3,E3_75,10.723169430171879
92,in_vivo,E3,E3,E3_76,9.608922522237771
93,in_vivo,E3,E3,E3_77,11.602076522084536
94,in_vivo,E3,E3,E3_78,8.900457974978739
95,in_vivo,E3,E3,E3_79,8.595934274462696
96,in_vivo,E3,E3,E3_80,9.103213916550935
97,in_vivo,E3,E3,E3_81,9.102038544897482
98,in_vivo,E3,E3,E3_82,9.562626897295624
99,in_vivo,E3,E3,E3_83,9.432171495362033
100,in_vivo,E3,E3,E3_84,9.48650465404612
101,in_vivo,E3,E3,E3_85,8.615491866720463
102,in_vivo,E3,E3,E3_86,10.162841151800203
103,in_vivo,E3,E3,E3_87,9.010093006892467
104,in_vivo,E3,E3,E3_88,8.750966722733766
105,in_vivo,E3,E3,E3_89,8.368574703098016
106,in_vivo,E3,E3,E3_90,8.789083864867225
107,in_vivo,E3,E3,E3_91,8.761745907968969
108,in_vivo,E3,E3,E3_92,8.544623883938701
109,in_vivo,E3,E3,E3_93,8.602966931686916
110,in_vivo,E3,E3,E3_94,11.21364624018763
111,in_vivo,E3,E3,E3_95,8.339376063228498
112,in_vivo,E4,E4,E4_0,5.079631830612677
113,in_vivo,E4,E4,E4_1,6.677023308464659
114,in_vivo,E4,E4,E4_2,6.6671144820904535
115,in_vivo,E4,E4,E4_3,5.262818927485808
116,in_vivo,E4,E4,E4_4,5.409332053211236
117,in_vivo,E4,E4,E4_5,5.717483448613461
118,in_vivo,E4,E4,E4_6,5.915812158929552
119,in_vivo,E4,E4,E4_7,5.488737049243893
120,in_vivo,E4,E4,E4_8,5.3498767737404105
121,in_vivo,E4,E4,E4_9,5.746247256922497
122,in_vivo,E4,E4,E4_10,5.727490007999054
123,in_vivo,E4,E4,E4_11,5.092986307397829
124,in_vivo,E4,E4,E4_12,6.111015474030574
125,in_vivo,E4,E4,E4_13,12.039418396543061
126,in_vivo,E4,E4,E4_14,5.5887276456089126
127,in_vivo,E4,E4,E4_15,5.311319532700254
128,in_vivo,E4,E4,E4_16,6.022103450315906
129,in_vivo,E4,E4,E4_17,10.750845942712992
130,in_vivo,E4,E4,E4_18,6.015160994838633
131,in_vivo,E4,E4,E4_19,7.2321355988035725
132,in_vivo,E4,E4,E4_20,5.813761170256962
133,in_vivo,E4,E4,E4_21,5.710544370236244
134,in_vivo,E4,E4,E4_22,5.298896722731468
135,in_vivo,E4,E4,E4_23,5.93201152362557
136,in_vivo,E4,E4,E4_24,5.838342853041727
137,in_vivo,E4,E4,E4_25,5.6952765640849625
138,in_vivo,E4,E4,E4_26,5.169677748497614
139,in_vivo,E4,E4,E4_27,6.042666846652074
140,in_vivo,E4,E4,E4_28,5.687165230757116
141,in_vivo,E4,E4,E4_29,5.369799260566737
142,in_vivo,E5,E5,E5_0,6.612153870949051
143,in_vivo,E5,E5,E5_1,6.9108643998334784
144,in_vivo,E5,E5,E5_2,8.007574053245824
145,in_vivo,E5,E5,E5_3,6.4995212568178715
146,in_vivo,E5,E5,E5_4,7.182065552403836
147,in_vivo,E5,E5,E5_5,6.880201379512596
148,in_vivo,E5,E5,E5_6,6.617881474237254
149,in_vivo,E5,E5,E5_7,8.000144144167264
150,in_vivo,E5,E5,E5_8,6.744865828882978
151,in_vivo,E5,E5,E5_9,6.521471485611998
152,in_vivo,E5,E5,E5_10,6.323384979979652
153,in_vivo,E5,E5,E5_11,7.147932006472426
154,in_vivo,E5,E5,E5_12,7.572748553486539
155,in_vivo,E5,E5,E5_13,6.753231781752196
156,in_vivo,E5,E5,E5_14,7.654592998485001
157,in_vivo,E5,E5,E5_15,6.808772324481627
158,in_vivo,E5,E5,E5_16,7.5386121462627145
159,in_vivo,E5,E5,E5_17,7.201336503155403
160,in_vivo,E5,E5,E5_18,7.124981601624148
161,in_vivo,E5,E5,E5_19,7.094793504410339
162,in_vivo,E5,E5,E5_20,6.849988163873281
163,in_vivo,E5,E5,E5_21,6.586019434875752
164,in_vivo,E5,E5,E5_22,7.046903135467865
165,in_vivo,E5,E5,E5_23,8.111208347888956
166,in_vivo,E5,E5,E5_24,7.970227453171671
167,in_vivo,E5,E5,E5_25,7.312540651339367
168,in_vivo,E5,E5,E5_26,7.228633271297704
169,in_vivo,E5,E5,E5_27,7.643881153726328
170,in_vivo,E5,E5,E5_28,9.237026448556644
171,in_vivo,E5,E5,E5_29,6.958355198235265
172,in_vivo,E5,E5,E5_30,6.814223867898624
173,in_vivo,E5,E5,E5_31,6.123761364983638
174,in_vivo,E5,E5,E5_32,6.197590480031507
175,in_vivo,E5,E5,E5_33,6.156876182324827
176,in_vivo,E5,E5,E5_34,8.164307937971287
177,in_vivo,E5,E5,E5_35,6.793842289832111
178,in_vivo,E5,E5,E5_36,5.371631901858987
179,in_vivo,E5,E5,E5_37,6.294898285712895
180,in_vivo,E5,E5,E5_38,6.280597620624553
181,in_vivo,E5,E5,E5_39,5.748398502426766
182,in_vivo,E5,E5,E5_40,5.728812851002935
183,in_vivo,E5,E5,E5_41,5.380145571251601
184,in_vivo,E5,E5,E5_42,6.494786168010272
185,in_vivo,E5,E5,E5_43,5.231187941738843
186,in_vivo,E5,E5,E5_44,5.464090812552859
187,in_vivo,E5,E5,E5_45,5.886410254755038
188,in_vivo,E5,E5,E5_46,5.156367734805048
189,in_vivo,E5,E5,E5_47,5.314052819816981
190,in_vivo,E5,E5,E5_48,5.446548418963984
191,in_vivo,E5,E5,E5_49,5.605780088481251
192,in_vivo,E5,E5,E5_50,5.641661031815976
193,in_vivo,E5,E5,E5_51,5.483168935701846
194,in_vivo,E5,E5,E5_52,6.260939211267979
195,in_vivo,E5,E5,E5_53,8.697606612571967
196,in_vivo,E5,E5,E5_54,7.142880626991235
197,in_vivo,E5,E5,E5_55,6.13101815404888
198,in_vivo,E5,E5,E5_56,6.679736517846152
199,in_vivo,E5,E5,E5_57,5.538499403977292
200,in_vivo,E5,E5,E5_58,7.387338087408947
201,in_vivo,E5,E5,E5_59,6.029065313662951
202,in_vivo,E5,E5,E5_60,6.742906232050618
203,in_vivo,E5,E5,E5_61,7.905749168429444
204,in_vivo,E5,E5,E5_62,6.054156699231092
205,in_vivo,E5,E5,E5_63,6.925739526995001
206,in_vivo,E5,E5,E5_64,6.206378954380235
207,in_vivo,E5,E5,E5_65,7.717846283972535
208,in_vivo,E5,E5,E5_66,6.8043358827784575
209,in_vivo,E5,E5,E5_67,7.022715966862074
210,in_vivo,E5,E5,E5_68,6.0076364425015925
211,in_vivo,E5,E5,E5_69,6.002826425181881
212,in_vivo,E5,E5,E5_70,6.312520743114095
213,in_vivo,E5,E5,E5_71,6.860386718951318
214,in_vivo,E5,E5,E5_72,5.697038519712992
215,in_vivo,E5,E5,E5_73,6.557646808448786
216,in_vivo,E5,E5,E5_74,6.08462131359212
217,in_vivo,E5,E5,E5_75,6.221683773025828
218,in_vivo,E5,E5,E5_76,5.710419617077805
219,in_vivo,E5,E5,E5_77,6.156546231395525
220,in_vivo,E5,E5,E5_78,5.844051337597533
221,in_vivo,E5,E5,E5_79,7.94628106071692
222,in_vivo,E5,E5,E5_80,6.886636232087436
223,in_vivo,E5,E5,E5_81,5.917554747771794
224,in_vivo,E5,E5,E5_82,6.07377903878032
225,in_vivo,E5,E5,E5_83,5.450242854245194
226,in_vivo,E5,E5,E5_84,6.975152349214718
227,in_vivo,E5,E5,E5_85,5.834598240491139
228,in_vivo,E5,E5,E5_86,5.6851534456224835
229,in_vivo,E5,E5,E5_87,6.170667518157343
230,in_vivo,E5,E5,E5_88,6.660114111469182
231,in_vivo,E5,E5,E5_89,5.781459750084297
232,in_vivo,E5,E5,E5_90,5.94153236255692
233,IVF,1C,E2,IVF 1-cell-1,15.163627501628577
234,IVF,1C,E2,IVF 1-cell-2,13.163352131206365
235,IVF,1C,E2,IVF 1-cell-3,13.184320228076604
236,IVF,2C,E3,IVF 2-cell-1-1,10.47521406717302
237,IVF,2C,E3,IVF 2-cell-1-2,8.21376893659126
238,IVF,2C,E3,IVF 2-cell-2-1,10.233860107624292
239,IVF,2C,E3,IVF 2-cell-2-2,9.932315502705103
240,IVF,2C,E3,IVF 2-cell-3-1,8.033478081071502
241,IVF,2C,E3,IVF 2-cell-3-2,8.07552239939781
242,IVF,4C,E4,IVF 4-cell-1-1,8.299426648065038
243,IVF,4C,E4,IVF 4-cell-1-2,8.717478150652104
244,IVF,4C,E4,IVF 4-cell-1-4,8.410090087391804
245,IVF,4C,E4,IVF 4-cell-2-2,10.794239208084198
246,IVF,4C,E4,IVF 4-cell-2-3,11.244193207036258
247,IVF,4C,E4,IVF 4-cell-3-1,11.822494899162844
248,IVF,4C,E4,IVF 4-cell-3-2,10.741211725144922
249,IVF,4C,E4,IVF 4-cell-3-3,8.286639808660338
250,IVF,4C,E4,IVF 4-cell-3-4,11.304370009817541
251,IVF,8C,E5,IVF 8-cell-1-1,9.938599541919881
252,IVF,8C,E5,IVF 8-cell-1-2,8.787087105761575
253,IVF,8C,E5,IVF 8-cell-1-3,10.162647515287395
254,PA,1C,E2,PA 1-cell-1,13.378587327596291
255,PA,1C,E2,PA 1-cell-2,13.685117656970506
256,PA,1C,E2,PA 1-cell-3,12.788746747897703
257,PA,2C,E3,PA 2-cell-1-1,10.239740290744363
258,PA,2C,E3,PA 2-cell-1-2,10.365370375917252
259,PA,2C,E3,PA 2-cell-2-1,10.498391686455994
260,PA,2C,E3,PA 2-cell-2-2,10.320631313240984
261,PA,2C,E3,PA 2-cell-3-1,10.083239661004471
262,PA,2C,E3,PA 2-cell-3-2,10.039767323406725
263,PA,4C,E4,PA 4-cell-1-3,10.249564391359046
264,PA,4C,E4,PA 4-cell-1-4,8.62738227075741
265,PA,4C,E4,PA 4-cell-2-1,8.313567797588965
266,PA,4C,E4,PA 4-cell-2-2,9.76631191925422
267,PA,4C,E4,PA 4-cell-2-3,9.211654767294583
268,PA,4C,E4,PA 4-cell-2-4,9.590550199112343
269,PA,4C,E4,PA 4-cell-3-1,9.516556054608815
270,PA,4C,E4,PA 4-cell-3-4,9.965288953353179
271,PA,8C,E5,PA 8-cell-1-1,8.863351334006753
272,PA,8C,E5,PA 8-cell-1-2,9.178500068539613
273,PA,8C,E5,PA 8-cell-1-4,8.382597626729195
