cell,stage,donor,dataset,source,condition,study,stage_clean,stage_group,UMAP1,UMAP2,fate_entropy,max_fate_prob
P13_AACTCACC,E5,P13,GSE168106,in_vivo,in_vivo,Han2022,,Morula (E4-5),6.0029783,4.5489535,1.030056002038238,0.47891643337872986
P13_AAGAGATC,E5,P13,GSE168106,in_vivo,in_vivo,Han2022,,Morula (E4-5),8.035034,5.039467,1.0350574580089227,0.472220312118014
P13_AAGGACAC,E5,P13,GSE168106,in_vivo,in_vivo,Han2022,,Morula (E4-5),8.008286,5.1050334,1.0588171487181888,0.46975045298567725
P13_AATGTTGC,E5,P13,GSE168106,in_vivo,in_vivo,Han2022,,Morula (E4-5),4.7953477,3.8537662,1.0224353560065118,0.5003811189069436
P13_ACAGATTC,E5,P13,GSE168106,in_vivo,in_vivo,Han2022,,Morula (E4-5),6.2448697,4.6348658,0.9391532344948682,0.5420604813344503
P13_AGATGTAC,E5,P13,GSE168106,in_vivo,in_vivo,Han2022,,Morula (E4-5),7.376006,4.694337,0.959738855238226,0.5126038503956756
P13_AGCACCTC,E5,P13,GSE168106,in_vivo,in_vivo,Han2022,,Morula (E4-5),8.12587,5.0777826,1.0527635783361817,0.4067144679271337
P13_AGCCATGC,E5,P13,GSE168106,in_vivo,in_vivo,Han2022,,Morula (E4-5),4.734179,3.4891062,1.0174925380716993,0.5265593261108804
P13_CCGACAAC,E5,P13,GSE168106,in_vivo,in_vivo,Han2022,,Morula (E4-5),5.399579,4.3543844,1.0233519190604696,0.4793008714181421
P13_CGACACAC,E5,P13,GSE168106,in_vivo,in_vivo,Han2022,,Morula (E4-5),8.868321,4.9546456,1.0130565336848045,0.4977373114831088
P13_CGGATTGC,E5,P13,GSE168106,in_vivo,in_vivo,Han2022,,Morula (E4-5),8.033233,5.378878,0.9894388765575899,0.4715138822229892
P13_CTAAGGTC,E5,P13,GSE168106,in_vivo,in_vivo,Han2022,,Morula (E4-5),8.835804,5.0384393,0.9823955933697099,0.48608642125836116
P13_GAACAGGC,E5,P13,GSE168106,in_vivo,in_vivo,Han2022,,Morula (E4-5),8.620048,5.1923137,1.0545571348258167,0.40497813255281495
P13_GACAGTGC,E5,P13,GSE168106,in_vivo,in_vivo,Han2022,,Morula (E4-5),8.167882,5.416878,0.9512533796974629,0.481128742588164
P13_GAGTTAGC,E5,P13,GSE168106,in_vivo,in_vivo,Han2022,,Morula (E4-5),8.618027,5.2043877,0.9703904361320785,0.4698173692388005
P13_GATAGACA,E2,P13,GSE168106,in_vivo,in_vivo,Han2022,,E2 (2C),6.091928,4.017006,0.9993976924230582,0.46000418571844587
P13_GATGAATC,E5,P13,GSE168106,in_vivo,in_vivo,Han2022,,Morula (E4-5),8.513114,5.2259912,0.9300583160052349,0.4790802465904399
P13_GCCACATA,E2,P13,GSE168106,in_vivo,in_vivo,Han2022,,E2 (2C),4.709242,3.610151,0.9959585696761846,0.4645187027072138
P13_GCGAGTAA,E2,P13,GSE168106,in_vivo,in_vivo,Han2022,,E2 (2C),11.371023,1.3397379,0.9946277202183258,0.4410607001766628
P13_GCTAACGA,E2,P13,GSE168106,in_vivo,in_vivo,Han2022,,E2 (2C),11.268361,0.91291404,1.0012949022025546,0.447500161798952
P13_GCTCGGTA,E2,P13,GSE168106,in_vivo,in_vivo,Han2022,,E2 (2C),11.299949,1.0274106,1.002449755177407,0.4434561221656975
P13_GGAGAACA,E2,P13,GSE168106,in_vivo,in_vivo,Han2022,,E2 (2C),11.456505,1.4020435,0.975083774491003,0.4421597631365005
P13_GGTGCGAA,E2,P13,GSE168106,in_vivo,in_vivo,Han2022,,E2 (2C),11.376403,1.3565764,0.9874738944485254,0.4390475447321752
P13_GTACGCAA,E2,P13,GSE168106,in_vivo,in_vivo,Han2022,,E2 (2C),4.640623,3.4346893,0.9943062799389493,0.4676878003132788
P13_GTCGTAGA,E5,P13,GSE168106,in_vivo,in_vivo,Han2022,,Morula (E4-5),5.355191,4.217095,1.0597791263062324,0.4653901006268943
P13_GTCTGTCA,E5,P13,GSE168106,in_vivo,in_vivo,Han2022,,Morula (E4-5),6.1109257,4.576253,1.0736323704108583,0.4167008746674691
P13_TAGGATGA,E5,P13,GSE168106,in_vivo,in_vivo,Han2022,,Morula (E4-5),5.8410983,4.511268,1.0877076475238012,0.38648756657057526
P13_TATCAGCA,E5,P13,GSE168106,in_vivo,in_vivo,Han2022,,Morula (E4-5),8.414983,5.075151,1.094345349255473,0.37678826120071424
P13_TGGAACAA,E5,P13,GSE168106,in_vivo,in_vivo,Han2022,,Morula (E4-5),7.7507377,5.000549,1.0409610636050863,0.419833665017924
P13_TGGCTTCA,E5,P13,GSE168106,in_vivo,in_vivo,Han2022,,Morula (E4-5),7.4187837,5.0030484,1.0422560778417247,0.446770393605075
P13_TTCACGCA,E5,P13,GSE168106,in_vivo,in_vivo,Han2022,,Morula (E4-5),5.884655,4.441457,1.0000531851935384,0.5037711522457069
P14_AAACATCG,E5,P14,GSE168106,in_vivo,in_vivo,Han2022,,Morula (E4-5),8.812033,5.2574086,0.9902427637427983,0.4935355140049091
P14_AACGTGAT,E5,P14,GSE168106,in_vivo,in_vivo,Han2022,,Morula (E4-5),8.938553,5.053924,1.0016847284899264,0.5432451833181887
P14_AACTCACC,E6,P14,GSE168106,in_vivo,in_vivo,Han2022,,Early blastocyst (E6-8),6.2789736,8.524491,1.006392632730493,0.4822002745325631
P14_AAGAGATC,E6,P14,GSE168106,in_vivo,in_vivo,Han2022,,Early blastocyst (E6-8),7.024564,9.016481,0.6876762565680539,0.7629701874100794
P14_AAGGACAC,E6,P14,GSE168106,in_vivo,in_vivo,Han2022,,Early blastocyst (E6-8),6.702321,8.836332,0.91440250009163,0.504299004268369
P14_AAGGTACA,E6,P14,GSE168106,in_vivo,in_vivo,Han2022,,Early blastocyst (E6-8),5.9763584,7.837626,1.0311826928998555,0.4916359515005451
P14_AATCCGTC,E6,P14,GSE168106,in_vivo,in_vivo,Han2022,,Early blastocyst (E6-8),6.9954057,7.0765634,0.8291874047939738,0.5105640394983892
P14_AATGTTGC,E6,P14,GSE168106,in_vivo,in_vivo,Han2022,,Early blastocyst (E6-8),5.21796,6.8228836,0.8324368420924015,0.5216871368040249
P14_ACACAGAA,E6,P14,GSE168106,in_vivo,in_vivo,Han2022,,Early blastocyst (E6-8),6.5937276,8.76609,1.0858759343634823,0.40418186545062995
P14_ACACGACC,E6,P14,GSE168106,in_vivo,in_vivo,Han2022,,Early blastocyst (E6-8),4.2992816,2.6505811,0.584059656870552,0.7511747040391848
P14_ACAGATTC,E6,P14,GSE168106,in_vivo,in_vivo,Han2022,,Early blastocyst (E6-8),6.992207,7.0178823,0.8170507840264265,0.5328224980247762
P14_ACAGCAGA,E6,P14,GSE168106,in_vivo,in_vivo,Han2022,,Early blastocyst (E6-8),4.3867164,4.761998,1.015447554513535,0.4704068018652324
P14_ACATTGGC,E5,P14,GSE168106,in_vivo,in_vivo,Han2022,,Morula (E4-5),8.689503,5.2028008,0.9985411952468799,0.5042877565660142
P14_ACCACTGT,E5,P14,GSE168106,in_vivo,in_vivo,Han2022,,Morula (E4-5),7.874864,5.3598523,1.0107405962134202,0.46384581365951977
P14_ACCTCCAA,E6,P14,GSE168106,in_vivo,in_vivo,Han2022,,Early blastocyst (E6-8),5.1026998,6.5026617,0.7821411198388193,0.5700719688068966
P14_ACGCTCGA,E6,P14,GSE168106,in_vivo,in_vivo,Han2022,,Early blastocyst (E6-8),6.2499537,6.307442,0.7940688940512266,0.49717169707457665
P14_ACGTATCA,E6,P14,GSE168106,in_vivo,in_vivo,Han2022,,Early blastocyst (E6-8),6.936389,8.967383,0.9596966478242299,0.5808951832265836
P14_AGAGTCAA,E6,P14,GSE168106,in_vivo,in_vivo,Han2022,,Early blastocyst (E6-8),4.3206487,4.9790287,1.0264729942443234,0.4227870779440524
P14_AGATCGCA,E6,P14,GSE168106,in_vivo,in_vivo,Han2022,,Early blastocyst (E6-8),6.2208467,8.251032,0.8699208673788164,0.5328622570957054
P14_AGATGTAC,E6,P14,GSE168106,in_vivo,in_vivo,Han2022,,Early blastocyst (E6-8),5.940578,8.012773,0.8191406887382068,0.6996475897837426
P14_AGCAGGAA,E6,P14,GSE168106,in_vivo,in_vivo,Han2022,,Early blastocyst (E6-8),6.3820615,8.461695,0.8466290082219741,0.5344408487353636
P14_AGCCATGC,E6,P14,GSE168106,in_vivo,in_vivo,Han2022,,Early blastocyst (E6-8),5.928058,7.7698603,0.9329476391701802,0.4635260050978825
P14_AGGCTAAC,E6,P14,GSE168106,in_vivo,in_vivo,Han2022,,Early blastocyst (E6-8),6.3402023,8.507985,1.0564236679134487,0.40813634153615147
P14_AGTCACTA,E6,P14,GSE168106,in_vivo,in_vivo,Han2022,,Early blastocyst (E6-8),6.6356516,8.815509,1.0515670033611269,0.4519899826575846
P14_AGTGGTCA,E5,P14,GSE168106,in_vivo,in_vivo,Han2022,,Morula (E4-5),8.957439,5.1376452,0.922324140162385,0.6122172925501552
P14_ATAGCGAC,E6,P14,GSE168106,in_vivo,in_vivo,Han2022,,Early blastocyst (E6-8),6.790255,8.9253845,1.0962135337533103,0.3578278663227598
P14_ATCATTCC,E6,P14,GSE168106,in_vivo,in_vivo,Han2022,,Early blastocyst (E6-8),6.9936705,6.998155,0.7060615914614785,0.7001503227804776
P14_ATCCTGTA,E6,P14,GSE168106,in_vivo,in_vivo,Han2022,,Early blastocyst (E6-8),5.0286503,6.451068,0.7986631218651198,0.4989008804577811
P14_ATGCCTAA,E5,P14,GSE168106,in_vivo,in_vivo,Han2022,,Morula (E4-5),8.888348,5.0598674,0.9597628971774632,0.5602242414132542
P14_ATTGAGGA,E6,P14,GSE168106,in_vivo,in_vivo,Han2022,,Early blastocyst (E6-8),6.2264886,8.418327,1.0191084491690408,0.5260670917209342
P14_ATTGGCTC,E6,P14,GSE168106,in_vivo,in_vivo,Han2022,,Early blastocyst (E6-8),6.654672,8.813866,1.010970705595738,0.5074532654643169
P14_CAACCACA,E6,P14,GSE168106,in_vivo,in_vivo,Han2022,,Early blastocyst (E6-8),6.103334,8.233614,0.9408925096507277,0.47258545892626314
P14_CAAGACTA,E6,P14,GSE168106,in_vivo,in_vivo,Han2022,,Early blastocyst (E6-8),5.261504,6.7949,0.9616532292751062,0.4711390074148311
P14_CAAGGAGC,E6,P14,GSE168106,in_vivo,in_vivo,Han2022,,Early blastocyst (E6-8),5.1450086,6.9839144,0.009406121772275027,0.9988891436055651
P14_CAATGGAA,E6,P14,GSE168106,in_vivo,in_vivo,Han2022,,Early blastocyst (E6-8),6.136085,8.187045,1.089502994642833,0.3876261676504467
P14_CACCTTAC,E6,P14,GSE168106,in_vivo,in_vivo,Han2022,,Early blastocyst (E6-8),5.9472976,7.910754,1.0635006353995728,0.42073762846182133
P14_CAGATCTG,E5,P14,GSE168106,in_vivo,in_vivo,Han2022,,Morula (E4-5),7.6012063,5.473528,0.9698929342811603,0.4751116840460022
P14_CATACCAA,E6,P14,GSE168106,in_vivo,in_vivo,Han2022,,Early blastocyst (E6-8),5.98901,7.860776,1.0533634248848625,0.46146430401846583
P14_CATCAAGT,E5,P14,GSE168106,in_vivo,in_vivo,Han2022,,Morula (E4-5),6.250121,5.2066298,0.9949836888711383,0.43905120837618977
P14_CCAGTTCA,E6,P14,GSE168106,in_vivo,in_vivo,Han2022,,Early blastocyst (E6-8),6.6667876,8.828636,1.0303451662094965,0.5109723989132438
P14_CCGAAGTA,E6,P14,GSE168106,in_vivo,in_vivo,Han2022,,Early blastocyst (E6-8),6.249338,8.190387,0.7683703685602365,0.5920214603067698
P14_CCGACAAC,E6,P14,GSE168106,in_vivo,in_vivo,Han2022,,Early blastocyst (E6-8),7.0120745,9.014586,1.039864634610943,0.4486565004724205
P14_CCGTGAGA,E6,P14,GSE168106,in_vivo,in_vivo,Han2022,,Early blastocyst (E6-8),7.046711,7.2354054,0.6781853141368993,0.6967402425669522
P14_CCTAATCC,E6,P14,GSE168106,in_vivo,in_vivo,Han2022,,Early blastocyst (E6-8),6.149727,8.3690605,1.0862233830565176,0.4072079464582511
P14_CCTCCTGA,E6,P14,GSE168106,in_vivo,in_vivo,Han2022,,Early blastocyst (E6-8),4.4257965,3.5222278,0.9001313043620842,0.5956678558365648
P14_CCTCTATC,E6,P14,GSE168106,in_vivo,in_vivo,Han2022,,Early blastocyst (E6-8),6.3832946,8.715677,1.0864752906905115,0.3905232449680871
P14_CGAACTTA,E6,P14,GSE168106,in_vivo,in_vivo,Han2022,,Early blastocyst (E6-8),6.799117,8.92556,1.0812010711880262,0.4211647120354983
P14_CGACACAC,E6,P14,GSE168106,in_vivo,in_vivo,Han2022,,Early blastocyst (E6-8),5.4641204,7.006827,0.8641188643484319,0.6268691286039069
P14_CGACTGGA,E6,P14,GSE168106,in_vivo,in_vivo,Han2022,,Early blastocyst (E6-8),6.935598,6.794745,0.8657023920352216,0.582134936881954
P14_CGCATACA,E6,P14,GSE168106,in_vivo,in_vivo,Han2022,,Early blastocyst (E6-8),6.333847,8.402887,0.7684141403306048,0.5336984524971388
P14_CGCTGATC,E6,P14,GSE168106,in_vivo,in_vivo,Han2022,,Early blastocyst (E6-8),6.8048472,5.9712934,0.8018317467767585,0.6133330704960462
P14_CGGATTGC,E6,P14,GSE168106,in_vivo,in_vivo,Han2022,,Early blastocyst (E6-8),5.1317277,6.5122976,0.9620515508680083,0.5389634372268989
P14_CTAAGGTC,E6,P14,GSE168106,in_vivo,in_vivo,Han2022,,Early blastocyst (E6-8),4.4257255,5.4371843,0.9757673240439455,0.5339825216594769
P14_CTGAGCCA,E6,P14,GSE168106,in_vivo,in_vivo,Han2022,,Early blastocyst (E6-8),7.0379043,8.852166,0.7052967955990532,0.7021417269719601
P14_GAACAGGC,E6,P14,GSE168106,in_vivo,in_vivo,Han2022,,Early blastocyst (E6-8),3.0771973,4.344812,0.7285986642350195,0.5675972019444638
P14_GAATCTGA,E6,P14,GSE168106,in_vivo,in_vivo,Han2022,,Early blastocyst (E6-8),3.1426601,3.9267478,0.7303463816587035,0.5758121297985116
P14_GACAGTGC,E6,P14,GSE168106,in_vivo,in_vivo,Han2022,,Early blastocyst (E6-8),6.74601,8.918749,1.0975463984818083,0.35310850317307296
P14_GACTAGTA,E6,P14,GSE168106,in_vivo,in_vivo,Han2022,,Early blastocyst (E6-8),6.8329296,8.96052,0.9805703639317171,0.5123641235674898
P14_GAGCTGAA,E6,P14,GSE168106,in_vivo,in_vivo,Han2022,,Early blastocyst (E6-8),6.2160673,8.3084345,0.8953056406221509,0.5045000196159128
P14_GAGTTAGC,E6,P14,GSE168106,in_vivo,in_vivo,Han2022,,Early blastocyst (E6-8),6.524919,8.747315,1.0130301198358447,0.4351099520329611
P14_GATAGACA,E6,P14,GSE168106,in_vivo,in_vivo,Han2022,,Early blastocyst (E6-8),7.106001,7.182255,0.8386318400364715,0.4975059601819657
P14_GATGAATC,E6,P14,GSE168106,in_vivo,in_vivo,Han2022,,Early blastocyst (E6-8),6.2191806,8.246867,0.7433430197860276,0.6284217802201326
P14_GCCAAGAC,E6,P14,GSE168106,in_vivo,in_vivo,Han2022,,Early blastocyst (E6-8),5.2667284,6.529219,0.7811358440899958,0.5766739821667827
P14_GCCACATA,E6,P14,GSE168106,in_vivo,in_vivo,Han2022,,Early blastocyst (E6-8),6.398973,8.470709,0.878607160735178,0.48962856028061214
P14_GCGAGTAA,E6,P14,GSE168106,in_vivo,in_vivo,Han2022,,Early blastocyst (E6-8),6.9634666,7.0369987,0.7740883501003313,0.5980295476051778
P14_GCTAACGA,E6,P14,GSE168106,in_vivo,in_vivo,Han2022,,Early blastocyst (E6-8),6.793028,8.920188,0.9383115129827333,0.5746234705485449
P14_GGAGAACA,E6,P14,GSE168106,in_vivo,in_vivo,Han2022,,Early blastocyst (E6-8),6.443193,8.596889,0.8005355610088589,0.49244449346982716
P14_GGTGCGAA,E6,P14,GSE168106,in_vivo,in_vivo,Han2022,,Early blastocyst (E6-8),6.5746922,8.721143,0.9227868096763112,0.546946273903058
P14_GTACGCAA,E6,P14,GSE168106,in_vivo,in_vivo,Han2022,,Early blastocyst (E6-8),5.7233377,7.4109535,0.8870686262281695,0.5379197880468447
P14_GTCGTAGA,E6,P14,GSE168106,in_vivo,in_vivo,Han2022,,Early blastocyst (E6-8),5.115538,6.402108,0.8356973649868201,0.589042781246372
P14_GTCTGTCA,E6,P14,GSE168106,in_vivo,in_vivo,Han2022,,Early blastocyst (E6-8),6.52928,8.600422,0.8058244461953897,0.6121186080410542
P14_GTGTTCTA,E6,P14,GSE168106,in_vivo,in_vivo,Han2022,,Early blastocyst (E6-8),6.0835004,8.321579,1.0975503175792864,0.34957947834863584
P14_TAGGATGA,E6,P14,GSE168106,in_vivo,in_vivo,Han2022,,Early blastocyst (E6-8),6.881667,6.945531,0.75268123748818,0.6252322337066513
P14_TATCAGCA,E6,P14,GSE168106,in_vivo,in_vivo,Han2022,,Early blastocyst (E6-8),6.919811,6.901229,0.8599781615809104,0.5164804424528996
P14_TCCGTCTA,E6,P14,GSE168106,in_vivo,in_vivo,Han2022,,Early blastocyst (E6-8),7.040449,7.0890684,0.8169232880459187,0.578183229121972
P14_TCTTCACA,E6,P14,GSE168106,in_vivo,in_vivo,Han2022,,Early blastocyst (E6-8),6.6893787,6.4887695,0.8568428075145735,0.5211950547888173
P14_TGAAGAGA,E6,P14,GSE168106,in_vivo,in_vivo,Han2022,,Early blastocyst (E6-8),6.838301,6.689597,0.8113517417402802,0.5158155890376289
P14_TGGAACAA,E6,P14,GSE168106,in_vivo,in_vivo,Han2022,,Early blastocyst (E6-8),7.012481,8.992409,0.7854384508141619,0.5210588416605579
P14_TGGCTTCA,E6,P14,GSE168106,in_vivo,in_vivo,Han2022,,Early blastocyst (E6-8),6.8420377,8.858416,0.8233118203003303,0.6157725176609525
P14_TGGTGGTA,E6,P14,GSE168106,in_vivo,in_vivo,Han2022,,Early blastocyst (E6-8),7.0182724,8.843588,0.9900173447733647,0.5583831750939876
P14_TTCACGCA,E6,P14,GSE168106,in_vivo,in_vivo,Han2022,,Early blastocyst (E6-8),7.012144,8.918998,0.5698969483084174,0.7781614423986165
P15_AAACATCG,E6,P15,GSE168106,in_vivo,in_vivo,Han2022,,Early blastocyst (E6-8),5.522494,7.134124,0.9244935398079303,0.5068475753525334
P15_AACAACCA,E6,P15,GSE168106,in_vivo,in_vivo,Han2022,,Early blastocyst (E6-8),4.9356136,6.295884,1.0620458383686409,0.4186403865690774
P15_AACCGAGA,E6,P15,GSE168106,in_vivo,in_vivo,Han2022,,Early blastocyst (E6-8),5.362839,6.774591,0.8405894160798013,0.5342984680018928
P15_AACGCTTA,E6,P15,GSE168106,in_vivo,in_vivo,Han2022,,Early blastocyst (E6-8),5.7098904,7.5252223,1.053895700794548,0.42699977174648013
P15_AACGTGAT,E6,P15,GSE168106,in_vivo,in_vivo,Han2022,,Early blastocyst (E6-8),5.4906387,6.815228,0.7943206610538487,0.5820517549689225
P15_AAGACGGA,E6,P15,GSE168106,in_vivo,in_vivo,Han2022,,Early blastocyst (E6-8),6.298758,6.383592,0.7897756755077283,0.5328476214214452
P15_AAGGTACA,E6,P15,GSE168106,in_vivo,in_vivo,Han2022,,Early blastocyst (E6-8),5.4137826,4.8737564,0.9978538115105728,0.5320687003357771
P15_ACACAGAA,E6,P15,GSE168106,in_vivo,in_vivo,Han2022,,Early blastocyst (E6-8),6.68409,6.5487614,0.8066490122157026,0.564050367069821
P15_ACAGCAGA,E6,P15,GSE168106,in_vivo,in_vivo,Han2022,,Early blastocyst (E6-8),6.4076843,6.3457475,0.7629101890916054,0.5595538398790757
P15_ACATTGGC,E6,P15,GSE168106,in_vivo,in_vivo,Han2022,,Early blastocyst (E6-8),5.0645647,6.425226,0.8388099510643956,0.6023567929454821
P15_ACCACTGT,E6,P15,GSE168106,in_vivo,in_vivo,Han2022,,Early blastocyst (E6-8),5.3027563,6.7316823,0.8234233675992697,0.6096556366713365
P15_ACCTCCAA,E6,P15,GSE168106,in_vivo,in_vivo,Han2022,,Early blastocyst (E6-8),6.457552,6.3163915,0.7722374724013024,0.5496196348156445
P15_ACTATGCA,E6,P15,GSE168106,in_vivo,in_vivo,Han2022,,Early blastocyst (E6-8),4.347383,2.6998773,0.616948972352573,0.7195553813641893
P15_AGAGTCAA,E6,P15,GSE168106,in_vivo,in_vivo,Han2022,,Early blastocyst (E6-8),6.755736,6.6178837,0.7687860740416568,0.647710595669602
P15_AGATCGCA,E6,P15,GSE168106,in_vivo,in_vivo,Han2022,,Early blastocyst (E6-8),6.058931,5.3878284,0.9475380360106611,0.5330084444064391
P15_AGTACAAG,E6,P15,GSE168106,in_vivo,in_vivo,Han2022,,Early blastocyst (E6-8),5.5528464,7.2027,0.6575368615918203,0.7675441791293366
P15_AGTCACTA,E6,P15,GSE168106,in_vivo,in_vivo,Han2022,,Early blastocyst (E6-8),6.623149,6.3029017,0.7395801906962114,0.6536729686857342
P15_AGTGGTCA,E6,P15,GSE168106,in_vivo,in_vivo,Han2022,,Early blastocyst (E6-8),4.2793655,5.005898,1.0555720403644275,0.39997687335432963
P15_ATCCTGTA,E6,P15,GSE168106,in_vivo,in_vivo,Han2022,,Early blastocyst (E6-8),5.1672506,6.807565,1.0257497247740193,0.5109828198164829
P15_ATGCCTAA,E6,P15,GSE168106,in_vivo,in_vivo,Han2022,,Early blastocyst (E6-8),4.366915,5.450936,0.9062706181591804,0.5893415339180279
P15_ATTGAGGA,E6,P15,GSE168106,in_vivo,in_vivo,Han2022,,Early blastocyst (E6-8),6.903863,8.82309,0.8428264915196026,0.6217804172627872
P15_CAACCACA,E6,P15,GSE168106,in_vivo,in_vivo,Han2022,,Early blastocyst (E6-8),6.860661,8.910099,0.7180675778422073,0.7008124509755348
P15_CACTTCGA,E6,P15,GSE168106,in_vivo,in_vivo,Han2022,,Early blastocyst (E6-8),4.40458,4.7146587,0.984497380870198,0.4953309559415216
P15_CAGATCTG,E6,P15,GSE168106,in_vivo,in_vivo,Han2022,,Early blastocyst (E6-8),5.357887,6.8834476,0.8729234075067449,0.5197261859405549
P15_CATACCAA,E6,P15,GSE168106,in_vivo,in_vivo,Han2022,,Early blastocyst (E6-8),4.5964656,2.5454426,0.8312626712956772,0.6664708072520126
P15_CATCAAGT,E6,P15,GSE168106,in_vivo,in_vivo,Han2022,,Early blastocyst (E6-8),5.2943563,6.750065,0.8237871501198631,0.5417315824292913
P15_CCGAAGTA,E6,P15,GSE168106,in_vivo,in_vivo,Han2022,,Early blastocyst (E6-8),4.2763853,4.973865,1.0108868563769464,0.5279048547277386
P15_CGAACTTA,E6,P15,GSE168106,in_vivo,in_vivo,Han2022,,Early blastocyst (E6-8),5.119566,6.4936585,0.9766111605603645,0.48338240878142386
P15_CGACTGGA,E6,P15,GSE168106,in_vivo,in_vivo,Han2022,,Early blastocyst (E6-8),4.656522,2.6820698,0.7150223621950774,0.7194663590694258
P15_CGCTGATC,E6,P15,GSE168106,in_vivo,in_vivo,Han2022,,Early blastocyst (E6-8),3.2400997,4.238548,0.8710830831222971,0.566804601026893
P15_CTCAATGA,E6,P15,GSE168106,in_vivo,in_vivo,Han2022,,Early blastocyst (E6-8),4.304686,3.7956536,0.9524516308937812,0.5516003647104042
P15_CTGTAGCC,E6,P15,GSE168106,in_vivo,in_vivo,Han2022,,Early blastocyst (E6-8),5.6627436,7.2905316,0.9593495621524402,0.4479611495704987
P1_AAACATCG,E2,P1,GSE168106,in_vivo,in_vivo,Han2022,,E2 (2C),11.395091,1.3608829,0.9752077189517576,0.45215274754740625
P1_AACAACCA,E1,P1,GSE168106,in_vivo,in_vivo,Han2022,,Zygote/E0-E1,7.27844,3.9461868,0.9884270746085946,0.43757696714917804
P1_AACCGAGA,E1,P1,GSE168106,in_vivo,in_vivo,Han2022,,Zygote/E0-E1,7.0304794,3.9875953,0.9912971436611732,0.43937571413839915
P1_AACGCTTA,E1,P1,GSE168106,in_vivo,in_vivo,Han2022,,Zygote/E0-E1,6.612069,4.1284375,0.9957988269394249,0.4610586920034467
P1_AACGTGAT,E2,P1,GSE168106,in_vivo,in_vivo,Han2022,,E2 (2C),11.373407,1.3791595,0.9869064930117747,0.4440379969463911
P1_AACTCACC,E4,P1,GSE168106,in_vivo,in_vivo,Han2022,,Morula (E4-5),8.341875,4.590179,0.9922112426840181,0.4473926094153731
P1_AAGAGATC,E4,P1,GSE168106,in_vivo,in_vivo,Han2022,,Morula (E4-5),8.854348,4.1655793,0.997121728363952,0.4422342040085826
P1_AAGGACAC,E4,P1,GSE168106,in_vivo,in_vivo,Han2022,,Morula (E4-5),8.889363,4.3740997,0.9987073222807757,0.47661873228588286
P1_AATCCGTC,E4,P1,GSE168106,in_vivo,in_vivo,Han2022,,Morula (E4-5),7.5209227,4.914864,0.9804514520717148,0.4541117327640739
P1_AATGTTGC,E4,P1,GSE168106,in_vivo,in_vivo,Han2022,,Morula (E4-5),5.641703,4.3471594,0.9879223210011644,0.5120048983787213
P1_ACACAGAA,E0,P1,GSE168106,in_vivo,in_vivo,Han2022,,Zygote/E0-E1,11.442791,1.4791378,0.9866335507768954,0.43684391806025713
P1_ACAGATTC,E4,P1,GSE168106,in_vivo,in_vivo,Han2022,,Morula (E4-5),6.233065,4.427884,1.0169648757778518,0.49393676396736463
P1_ACAGCAGA,E0,P1,GSE168106,in_vivo,in_vivo,Han2022,,Zygote/E0-E1,6.844088,4.0705905,0.9931233315114676,0.44359107017043997
P1_ACATTGGC,E2,P1,GSE168106,in_vivo,in_vivo,Han2022,,E2 (2C),11.325915,0.6714882,0.9954302480365751,0.4457006524952056
P1_ACCACTGT,E2,P1,GSE168106,in_vivo,in_vivo,Han2022,,E2 (2C),11.389647,0.74373454,0.9911382811316501,0.43480537214198045
P1_ACCTCCAA,E0,P1,GSE168106,in_vivo,in_vivo,Han2022,,Zygote/E0-E1,4.824521,3.5086765,0.9973483928264689,0.45434704937204795
P1_ACGCTCGA,E0,P1,GSE168106,in_vivo,in_vivo,Han2022,,Zygote/E0-E1,11.610504,1.6045645,0.9870613383215681,0.4376825301729551
P1_AGATGTAC,E4,P1,GSE168106,in_vivo,in_vivo,Han2022,,Morula (E4-5),5.3567553,4.1415243,0.8489148694956472,0.6204756284892027
P1_AGCCATGC,E4,P1,GSE168106,in_vivo,in_vivo,Han2022,,Morula (E4-5),6.3472853,4.780023,1.0260310731897242,0.4360079000657745
P1_AGGCTAAC,E4,P1,GSE168106,in_vivo,in_vivo,Han2022,,Morula (E4-5),6.0144978,4.446164,1.0047058982076849,0.47019487552959033
P1_AGTACAAG,E1,P1,GSE168106,in_vivo,in_vivo,Han2022,,Zygote/E0-E1,7.1584744,3.970983,0.9846897467670608,0.4371579816970084
P1_AGTGGTCA,E2,P1,GSE168106,in_vivo,in_vivo,Han2022,,E2 (2C),11.262643,0.9590181,0.9907736563021344,0.44274246313555243
P1_ATCATTCC,E4,P1,GSE168106,in_vivo,in_vivo,Han2022,,Morula (E4-5),6.851741,4.408629,1.0578969626766856,0.44794909666742294
P1_ATGCCTAA,E2,P1,GSE168106,in_vivo,in_vivo,Han2022,,E2 (2C),11.4904,1.0117126,0.9844231912270629,0.4380915113621814
P1_ATTGGCTC,E4,P1,GSE168106,in_vivo,in_vivo,Han2022,,Morula (E4-5),6.4460526,4.658891,1.0222429993511675,0.46290648334994106
P1_CAAGACTA,E3,P1,GSE168106,in_vivo,in_vivo,Han2022,,E3 (4-8C),7.75708,3.8731754,1.0131122320447328,0.42877047978339705
P1_CAAGGAGC,E4,P1,GSE168106,in_vivo,in_vivo,Han2022,,Morula (E4-5),6.5961747,4.553359,0.9845747543311307,0.46244790491744464
P1_CAATGGAA,E3,P1,GSE168106,in_vivo,in_vivo,Han2022,,E3 (4-8C),8.583109,3.414157,0.9675555021796441,0.4680817703285589
P1_CACTTCGA,E3,P1,GSE168106,in_vivo,in_vivo,Han2022,,E3 (4-8C),8.552652,3.3893757,0.9353606654020712,0.4622177077865316
P1_CAGATCTG,E2,P1,GSE168106,in_vivo,in_vivo,Han2022,,E2 (2C),11.4774065,1.4418854,0.982164207481607,0.44479500825856433
P1_CAGCGTTA,E3,P1,GSE168106,in_vivo,in_vivo,Han2022,,E3 (4-8C),6.5797167,4.226817,1.0397101940998612,0.4673327455177782
P1_CATCAAGT,E2,P1,GSE168106,in_vivo,in_vivo,Han2022,,E2 (2C),11.334057,0.78071696,0.9930010651582513,0.44766093334407325
P1_CCGACAAC,E4,P1,GSE168106,in_vivo,in_vivo,Han2022,,Morula (E4-5),8.341836,4.55015,0.9971136589767746,0.4453315596992876
P1_CCTAATCC,E4,P1,GSE168106,in_vivo,in_vivo,Han2022,,Morula (E4-5),8.774712,4.0922685,0.9331616453486951,0.46724226403553804
P1_CCTCTATC,E4,P1,GSE168106,in_vivo,in_vivo,Han2022,,Morula (E4-5),5.722061,4.361865,1.0249478903541678,0.4619025364130295
P1_CGCATACA,E3,P1,GSE168106,in_vivo,in_vivo,Han2022,,E3 (4-8C),6.95508,4.060431,0.9892823646188065,0.4667941074708366
P1_CGCTGATC,E1,P1,GSE168106,in_vivo,in_vivo,Han2022,,Zygote/E0-E1,11.202735,0.84833235,0.9852736568756266,0.4375719399635921
P1_CTAAGGTC,E4,P1,GSE168106,in_vivo,in_vivo,Han2022,,Morula (E4-5),7.1121473,4.8418674,1.0298745562806837,0.44949939722973203
P1_CTCAATGA,E3,P1,GSE168106,in_vivo,in_vivo,Han2022,,E3 (4-8C),8.54046,3.4388244,0.9891647790005131,0.47001751077676096
P1_CTGAGCCA,E3,P1,GSE168106,in_vivo,in_vivo,Han2022,,E3 (4-8C),8.513475,3.3819215,0.9507669834759345,0.45472038986945157
P1_CTGGCATA,E3,P1,GSE168106,in_vivo,in_vivo,Han2022,,E3 (4-8C),8.63995,3.4017568,0.9859426708085794,0.46348737914144517
P1_CTGTAGCC,E1,P1,GSE168106,in_vivo,in_vivo,Han2022,,Zygote/E0-E1,6.5807867,4.114126,0.9997408365539371,0.45029557987551005
P1_GAACAGGC,E4,P1,GSE168106,in_vivo,in_vivo,Han2022,,Morula (E4-5),5.6880584,4.506744,0.9452647251918684,0.4688711783123969
P1_GAATCTGA,E3,P1,GSE168106,in_vivo,in_vivo,Han2022,,E3 (4-8C),6.7134304,4.148201,1.034263171385721,0.46219132056440965
P1_GACTAGTA,E3,P1,GSE168106,in_vivo,in_vivo,Han2022,,E3 (4-8C),8.40222,3.510901,0.9914030088477515,0.47526209439544626
P1_GAGCTGAA,E3,P1,GSE168106,in_vivo,in_vivo,Han2022,,E3 (4-8C),7.338233,3.9400227,1.0097435114736697,0.4553514404267051
P1_GAGTTAGC,E4,P1,GSE168106,in_vivo,in_vivo,Han2022,,Morula (E4-5),8.856907,3.9747365,0.9520081584931215,0.49768417471966414
P1_GATAGACA,E3,P1,GSE168106,in_vivo,in_vivo,Han2022,,E3 (4-8C),8.670971,3.5185444,0.9846276133261463,0.4797701999384991
P1_GATGAATC,E4,P1,GSE168106,in_vivo,in_vivo,Han2022,,Morula (E4-5),8.822257,4.3411436,0.9706290187887576,0.4892408106693253
P1_GCCAAGAC,E4,P1,GSE168106,in_vivo,in_vivo,Han2022,,Morula (E4-5),8.942323,4.3414216,0.9856019548962331,0.5166445538812998
P1_GCCACATA,E3,P1,GSE168106,in_vivo,in_vivo,Han2022,,E3 (4-8C),8.634507,3.370935,0.9524233061437644,0.4962981752980515
P1_GCGAGTAA,E3,P1,GSE168106,in_vivo,in_vivo,Han2022,,E3 (4-8C),8.689459,3.3329554,0.9519510895256234,0.4963914345631488
P1_GCTAACGA,E3,P1,GSE168106,in_vivo,in_vivo,Han2022,,E3 (4-8C),8.753821,3.3709807,0.9529624337093635,0.48839479790620466
P1_GCTCGGTA,E3,P1,GSE168106,in_vivo,in_vivo,Han2022,,E3 (4-8C),7.6121283,3.7053277,1.00634640623276,0.4354013663569643
P1_GGAGAACA,E3,P1,GSE168106,in_vivo,in_vivo,Han2022,,E3 (4-8C),8.041279,3.612291,0.9961306955044098,0.4685146351167983
P1_TGGAACAA,E4,P1,GSE168106,in_vivo,in_vivo,Han2022,,Morula (E4-5),8.629314,4.533761,0.9423385348197871,0.47770468309282793
P1_TGGCTTCA,E4,P1,GSE168106,in_vivo,in_vivo,Han2022,,Morula (E4-5),8.8189535,4.5388117,1.0006089973824501,0.44776515584845256
P1_TGGTGGTA,E4,P1,GSE168106,in_vivo,in_vivo,Han2022,,Morula (E4-5),8.540007,4.5732307,1.0358103611371166,0.41244127783787904
P1_TTCACGCA,E4,P1,GSE168106,in_vivo,in_vivo,Han2022,,Morula (E4-5),6.752614,4.7567215,1.026984587077509,0.4419319119784068
P19_ATTGGCTC,E3,P19,GSE168106,in_vivo,in_vivo,Han2022,,E3 (4-8C),11.620422,-0.18754567,0.997009282496647,0.44129202037261395
P19_CAAGGAGC,E3,P19,GSE168106,in_vivo,in_vivo,Han2022,,E3 (4-8C),11.88188,1.0457256,0.9696121888162443,0.4668036163052004
P19_CACCTTAC,E3,P19,GSE168106,in_vivo,in_vivo,Han2022,,E3 (4-8C),11.824266,1.1820362,0.9855222077913692,0.4560310418422798
P19_CCATCCTC,E3,P19,GSE168106,in_vivo,in_vivo,Han2022,,E3 (4-8C),11.479246,-0.29603055,0.9996961417720567,0.4374743540938821
P19_CCGACAAC,E3,P19,GSE168106,in_vivo,in_vivo,Han2022,,E3 (4-8C),11.680189,1.3825552,0.9630205896719359,0.46820926035047755
P19_CCTAATCC,E3,P19,GSE168106,in_vivo,in_vivo,Han2022,,E3 (4-8C),11.820419,0.9322198,0.9720771860657201,0.4635438798793794
P19_CCTCTATC,E3,P19,GSE168106,in_vivo,in_vivo,Han2022,,E3 (4-8C),11.9960375,0.32604113,0.9932958920459706,0.4352924935019907
P19_CGACACAC,E3,P19,GSE168106,in_vivo,in_vivo,Han2022,,E3 (4-8C),11.961084,0.76761395,1.0064530969749577,0.42983426028597504
P19_CGGATTGC,E3,P19,GSE168106,in_vivo,in_vivo,Han2022,,E3 (4-8C),11.957641,0.728392,0.9870348802852482,0.437961957754703
P19_CTAAGGTC,E3,P19,GSE168106,in_vivo,in_vivo,Han2022,,E3 (4-8C),11.785784,1.2651579,0.9825749628690059,0.4435914506207168
P19_GAACAGGC,E3,P19,GSE168106,in_vivo,in_vivo,Han2022,,E3 (4-8C),11.81467,1.2358309,0.9823880751886265,0.47378372704300764
P19_GACAGTGC,E3,P19,GSE168106,in_vivo,in_vivo,Han2022,,E3 (4-8C),11.960864,0.054398667,0.9901747563392258,0.448349288385006
P19_GAGTTAGC,E3,P19,GSE168106,in_vivo,in_vivo,Han2022,,E3 (4-8C),11.737577,1.3578049,0.9703243718309473,0.46762234002316116
P19_GATGAATC,E3,P19,GSE168106,in_vivo,in_vivo,Han2022,,E3 (4-8C),11.965733,0.9354119,0.9623419778132183,0.480580215712417
P19_GCCAAGAC,E3,P19,GSE168106,in_vivo,in_vivo,Han2022,,E3 (4-8C),11.860965,1.2467937,0.9648281304403918,0.46433920950611496
P20_AAACATCG,E3,P20,GSE168106,in_vivo,in_vivo,Han2022,,E3 (4-8C),11.579889,-0.26082405,0.9876958415748944,0.4372984365266206
P20_AACAACCA,E3,P20,GSE168106,in_vivo,in_vivo,Han2022,,E3 (4-8C),11.474892,-0.3395901,0.989252197272513,0.4383980897218665
P20_AACCGAGA,E3,P20,GSE168106,in_vivo,in_vivo,Han2022,,E3 (4-8C),12.161576,0.20295772,0.9787824695709926,0.44922181668894673
P20_AACGCTTA,E3,P20,GSE168106,in_vivo,in_vivo,Han2022,,E3 (4-8C),12.027392,0.046796594,0.9882725191916621,0.4456973462825068
P20_AACGTGAT,E3,P20,GSE168106,in_vivo,in_vivo,Han2022,,E3 (4-8C),11.638987,-0.24418199,0.9883076436727396,0.4535267050569358
P20_AACTCACC,E3,P20,GSE168106,in_vivo,in_vivo,Han2022,,E3 (4-8C),11.163375,-0.7133094,0.9857168500598956,0.43693931049028195
P20_AAGACGGA,E3,P20,GSE168106,in_vivo,in_vivo,Han2022,,E3 (4-8C),12.109101,0.5638233,0.9614420002025268,0.46122560934692164
P20_AAGGTACA,E3,P20,GSE168106,in_vivo,in_vivo,Han2022,,E3 (4-8C),11.390858,-0.49160776,0.9977099503032234,0.43894089561564603
P20_ACAAGCTA,E3,P20,GSE168106,in_vivo,in_vivo,Han2022,,E3 (4-8C),11.962787,0.80171317,0.9802824307659017,0.46800272933522286
P20_ACAGCAGA,E3,P20,GSE168106,in_vivo,in_vivo,Han2022,,E3 (4-8C),12.139097,0.5900797,0.9835301023148384,0.45344662662786595
P20_ACATTGGC,E3,P20,GSE168106,in_vivo,in_vivo,Han2022,,E3 (4-8C),10.407941,-1.0453135,0.9974541305399492,0.45992322423444393
P20_ACCACTGT,E3,P20,GSE168106,in_vivo,in_vivo,Han2022,,E3 (4-8C),10.3897705,-0.9839403,0.9942018426879717,0.4683012249077291
P20_ACCTCCAA,E3,P20,GSE168106,in_vivo,in_vivo,Han2022,,E3 (4-8C),10.728792,-0.9630858,0.995660390533389,0.4853799006118752
P20_ACGCTCGA,E3,P20,GSE168106,in_vivo,in_vivo,Han2022,,E3 (4-8C),10.872974,-0.94112664,0.9971998863799654,0.4648395063481114
P20_ACGTATCA,E3,P20,GSE168106,in_vivo,in_vivo,Han2022,,E3 (4-8C),12.165094,0.3131715,0.982358190475369,0.45721479148013316
P20_ACTATGCA,E3,P20,GSE168106,in_vivo,in_vivo,Han2022,,E3 (4-8C),4.855728,3.2366974,0.9521320079744056,0.5341401798357261
P20_AGAGTCAA,E3,P20,GSE168106,in_vivo,in_vivo,Han2022,,E3 (4-8C),11.09281,-0.7730112,1.0051668290667601,0.4677938247602862
P20_AGATCGCA,E3,P20,GSE168106,in_vivo,in_vivo,Han2022,,E3 (4-8C),11.592802,-0.2959699,0.9946257920646743,0.44547760058780544
P20_AGTACAAG,E3,P20,GSE168106,in_vivo,in_vivo,Han2022,,E3 (4-8C),11.100347,-0.801471,0.9978356924592628,0.44228479009988203
P20_AGTCACTA,E3,P20,GSE168106,in_vivo,in_vivo,Han2022,,E3 (4-8C),12.123584,0.18155712,0.9791188561302322,0.44396276338777213
P20_AGTGGTCA,E3,P20,GSE168106,in_vivo,in_vivo,Han2022,,E3 (4-8C),12.0698595,-0.003963435,0.9765273544667913,0.469026153377818
P20_ATCCTGTA,E3,P20,GSE168106,in_vivo,in_vivo,Han2022,,E3 (4-8C),11.134547,-0.7601544,0.9965386784329051,0.4475497781547232
P20_ATGCCTAA,E3,P20,GSE168106,in_vivo,in_vivo,Han2022,,E3 (4-8C),11.435305,-0.4730322,0.9579452595739677,0.46554781434509096
P20_ATTGAGGA,E3,P20,GSE168106,in_vivo,in_vivo,Han2022,,E3 (4-8C),10.940339,-0.9432057,1.0057906789606346,0.4488144782062816
P20_CAACCACA,E3,P20,GSE168106,in_vivo,in_vivo,Han2022,,E3 (4-8C),12.043648,0.66170555,0.9855378898372247,0.44152960286044896
P20_CAAGACTA,E3,P20,GSE168106,in_vivo,in_vivo,Han2022,,E3 (4-8C),10.438121,-0.97435206,0.989438314473402,0.49043239243011055
P20_CACTTCGA,E3,P20,GSE168106,in_vivo,in_vivo,Han2022,,E3 (4-8C),12.121698,0.25315636,0.995595885680457,0.4566137047745304
P20_CAGATCTG,E3,P20,GSE168106,in_vivo,in_vivo,Han2022,,E3 (4-8C),10.904501,-0.90016466,0.9928463165734471,0.4539504085445772
P20_CAGCGTTA,E3,P20,GSE168106,in_vivo,in_vivo,Han2022,,E3 (4-8C),10.2257805,-0.89548475,0.988617990788998,0.4889636538845541
P20_CATACCAA,E3,P20,GSE168106,in_vivo,in_vivo,Han2022,,E3 (4-8C),11.467318,-0.43064967,0.9816319071354171,0.4396171070298291
P20_CATCAAGT,E3,P20,GSE168106,in_vivo,in_vivo,Han2022,,E3 (4-8C),10.551586,-1.0637331,0.9915321934187704,0.4761306168765163
P20_CCAGTTCA,E3,P20,GSE168106,in_vivo,in_vivo,Han2022,,E3 (4-8C),12.16154,0.53600067,0.9744091448772969,0.45196828272321626
P20_CCGAAGTA,E3,P20,GSE168106,in_vivo,in_vivo,Han2022,,E3 (4-8C),12.012991,0.97953993,0.9720451623898665,0.447229945178755
P20_CCGTGAGA,E3,P20,GSE168106,in_vivo,in_vivo,Han2022,,E3 (4-8C),12.0424795,0.5904137,0.9992747574493295,0.44931591782706953
P20_CCTCCTGA,E3,P20,GSE168106,in_vivo,in_vivo,Han2022,,E3 (4-8C),10.82837,-0.95372564,1.0009503142463143,0.454562269354415
P20_CGAACTTA,E3,P20,GSE168106,in_vivo,in_vivo,Han2022,,E3 (4-8C),11.961306,0.91315794,0.9697391970502165,0.47835333537791
P20_CGACTGGA,E3,P20,GSE168106,in_vivo,in_vivo,Han2022,,E3 (4-8C),12.022047,0.76185584,0.9859061793690185,0.47605228235772673
P20_CGCATACA,E3,P20,GSE168106,in_vivo,in_vivo,Han2022,,E3 (4-8C),12.116818,0.4927387,0.9683342508040116,0.44477851694949644
P20_CGCTGATC,E3,P20,GSE168106,in_vivo,in_vivo,Han2022,,E3 (4-8C),11.882328,-0.05819471,0.986730321186882,0.4455074002056909
P20_CTCAATGA,E3,P20,GSE168106,in_vivo,in_vivo,Han2022,,E3 (4-8C),10.973194,-0.90875226,1.0027327926638083,0.47286212790612964
P20_CTGAGCCA,E3,P20,GSE168106,in_vivo,in_vivo,Han2022,,E3 (4-8C),12.162285,0.03790197,0.9824279045556883,0.4396253040954933
P20_CTGGCATA,E3,P20,GSE168106,in_vivo,in_vivo,Han2022,,E3 (4-8C),12.17248,0.4315509,1.0011608053223573,0.4611349054379056
P20_GAATCTGA,E3,P20,GSE168106,in_vivo,in_vivo,Han2022,,E3 (4-8C),10.370505,-1.0168803,1.0026356019680094,0.4692422641423852
P20_GACTAGTA,E3,P20,GSE168106,in_vivo,in_vivo,Han2022,,E3 (4-8C),11.971645,-0.061253384,0.9853636182468495,0.46604498293426233
P20_GAGCTGAA,E3,P20,GSE168106,in_vivo,in_vivo,Han2022,,E3 (4-8C),11.52314,-0.4013988,1.006676754237519,0.447311009572813
P20_GATAGACA,E3,P20,GSE168106,in_vivo,in_vivo,Han2022,,E3 (4-8C),11.982252,0.025031094,1.0129385705260079,0.4599995663436286
P20_GCCACATA,E3,P20,GSE168106,in_vivo,in_vivo,Han2022,,E3 (4-8C),11.98292,-0.0030030229,1.0089161228658305,0.4616306062393349
P20_GCGAGTAA,E3,P20,GSE168106,in_vivo,in_vivo,Han2022,,E3 (4-8C),11.892534,-0.1123146,0.9944311551147611,0.4331011039651057
P20_GCTAACGA,E3,P20,GSE168106,in_vivo,in_vivo,Han2022,,E3 (4-8C),11.35228,-0.5616675,1.0053135281498502,0.45910845368738595
P20_GCTCGGTA,E3,P20,GSE168106,in_vivo,in_vivo,Han2022,,E3 (4-8C),10.834403,-0.9741022,1.0054325982972687,0.4461864457186519
P20_GGAGAACA,E3,P20,GSE168106,in_vivo,in_vivo,Han2022,,E3 (4-8C),11.107153,-0.78136104,1.0083267768353847,0.45571926162427906
P20_GGTGCGAA,E3,P20,GSE168106,in_vivo,in_vivo,Han2022,,E3 (4-8C),11.198638,-0.6924107,1.0053843037722292,0.4521968346860803
P20_GTACGCAA,E3,P20,GSE168106,in_vivo,in_vivo,Han2022,,E3 (4-8C),10.928437,-0.9139941,1.0087535376901944,0.44841007695374796
P20_GTCGTAGA,E3,P20,GSE168106,in_vivo,in_vivo,Han2022,,E3 (4-8C),11.554559,-0.3135988,1.0067816898927813,0.4508623909221662
P20_GTCTGTCA,E3,P20,GSE168106,in_vivo,in_vivo,Han2022,,E3 (4-8C),10.449005,-1.016733,0.9954465309833267,0.4540528394049709
P20_GTGTTCTA,E3,P20,GSE168106,in_vivo,in_vivo,Han2022,,E3 (4-8C),11.031914,-0.8288063,0.9977123848877474,0.45109325575420084
P20_TAGGATGA,E3,P20,GSE168106,in_vivo,in_vivo,Han2022,,E3 (4-8C),11.684238,-0.21340905,1.0000901559990785,0.4427727274000636
P20_TATCAGCA,E3,P20,GSE168106,in_vivo,in_vivo,Han2022,,E3 (4-8C),11.791554,-0.14839749,0.9906655121019665,0.43609319156664555
P20_TCCGTCTA,E3,P20,GSE168106,in_vivo,in_vivo,Han2022,,E3 (4-8C),12.010791,0.65202594,0.9876606831930282,0.4541244233517333
P20_TCTTCACA,E3,P20,GSE168106,in_vivo,in_vivo,Han2022,,E3 (4-8C),10.947072,-0.90050465,1.0043085717609666,0.4424234811909316
P20_TGAAGAGA,E3,P20,GSE168106,in_vivo,in_vivo,Han2022,,E3 (4-8C),11.661784,-0.18539017,1.003096183848936,0.44113107238106636
P20_TGGAACAA,E3,P20,GSE168106,in_vivo,in_vivo,Han2022,,E3 (4-8C),12.141067,0.028757494,0.9863789709563948,0.45263760544410797
P20_TGGCTTCA,E3,P20,GSE168106,in_vivo,in_vivo,Han2022,,E3 (4-8C),12.111534,0.75001013,0.984619499626401,0.4562261376740276
P20_TTCACGCA,E3,P20,GSE168106,in_vivo,in_vivo,Han2022,,E3 (4-8C),12.049176,0.060427036,0.9802933232999844,0.4639976501834574
P2_AAACATCG,E4,P2,GSE168106,in_vivo,in_vivo,Han2022,,Morula (E4-5),8.691524,4.97401,0.8996119832324065,0.5140870676819149
P2_AACAACCA,E5,P2,GSE168106,in_vivo,in_vivo,Han2022,,Morula (E4-5),5.3003354,4.701059,1.0745333577071778,0.4127025814544719
P2_AACCGAGA,E5,P2,GSE168106,in_vivo,in_vivo,Han2022,,Morula (E4-5),7.35181,5.4760513,1.0592451916222752,0.4054434134330433
P2_AACGCTTA,E5,P2,GSE168106,in_vivo,in_vivo,Han2022,,Morula (E4-5),8.729146,5.6340537,0.9212323172337049,0.5399143745472706
P2_AACGTGAT,E4,P2,GSE168106,in_vivo,in_vivo,Han2022,,Morula (E4-5),8.756619,4.897929,0.9132230000837531,0.5284063604876518
P2_AACTCACC,E5,P2,GSE168106,in_vivo,in_vivo,Han2022,,Morula (E4-5),4.6487765,2.5851638,0.7257234886473314,0.6999724301939606
P2_AAGACGGA,E5,P2,GSE168106,in_vivo,in_vivo,Han2022,,Morula (E4-5),7.937416,5.660331,0.9018597595790272,0.4875268215013355
P2_AAGAGATC,E5,P2,GSE168106,in_vivo,in_vivo,Han2022,,Morula (E4-5),7.1698146,5.5253825,0.9264094711717104,0.48403839619222383
P2_AAGGACAC,E5,P2,GSE168106,in_vivo,in_vivo,Han2022,,Morula (E4-5),8.620247,5.6112456,0.9371002414936771,0.4881540663304621
P2_AAGGTACA,E5,P2,GSE168106,in_vivo,in_vivo,Han2022,,Morula (E4-5),8.740674,5.0957355,1.0198428307590177,0.4493838303309258
P2_AATCCGTC,E5,P2,GSE168106,in_vivo,in_vivo,Han2022,,Morula (E4-5),6.497542,5.2909346,0.8903835231179238,0.4926326018809345
P2_ACAAGCTA,E5,P2,GSE168106,in_vivo,in_vivo,Han2022,,Morula (E4-5),6.915947,5.457205,1.0505182013910745,0.4150334030857349
P2_ACACAGAA,E5,P2,GSE168106,in_vivo,in_vivo,Han2022,,Morula (E4-5),6.3549347,5.099715,0.9029098910174271,0.5437521480587529
P2_ACAGCAGA,E5,P2,GSE168106,in_vivo,in_vivo,Han2022,,Morula (E4-5),8.763428,5.3045664,0.9633827958858951,0.5023266332427377
P2_ACATTGGC,E4,P2,GSE168106,in_vivo,in_vivo,Han2022,,Morula (E4-5),6.8583956,4.8600273,0.964857145408999,0.45344024705473585
P2_ACCACTGT,E4,P2,GSE168106,in_vivo,in_vivo,Han2022,,Morula (E4-5),5.36426,4.4478617,0.9392032546761881,0.5673567891289333
P2_ACCTCCAA,E5,P2,GSE168106,in_vivo,in_vivo,Han2022,,Morula (E4-5),6.285035,5.035514,0.9736143349731168,0.4898862641401182
P2_ACGCTCGA,E5,P2,GSE168106,in_vivo,in_vivo,Han2022,,Morula (E4-5),6.14035,5.045847,0.9071371986301382,0.5250866464383007
P2_ACGTATCA,E5,P2,GSE168106,in_vivo,in_vivo,Han2022,,Morula (E4-5),8.101105,5.352251,1.0035495444302764,0.4333898586848346
P2_AGAGTCAA,E5,P2,GSE168106,in_vivo,in_vivo,Han2022,,Morula (E4-5),6.5080824,5.100613,0.9557813645652204,0.5081665258574825
P2_AGATCGCA,E5,P2,GSE168106,in_vivo,in_vivo,Han2022,,Morula (E4-5),7.2006006,5.33391,0.9553722732269861,0.4508248427251085
P2_AGCAGGAA,E5,P2,GSE168106,in_vivo,in_vivo,Han2022,,Morula (E4-5),7.964908,5.4854836,0.9468252589528798,0.464379137548299
P2_AGTACAAG,E5,P2,GSE168106,in_vivo,in_vivo,Han2022,,Morula (E4-5),5.5949063,4.7225432,0.9919626244281712,0.4666882807441453
P2_AGTCACTA,E5,P2,GSE168106,in_vivo,in_vivo,Han2022,,Morula (E4-5),7.6108427,5.5051465,0.8680903025067914,0.5021473685951144
P2_AGTGGTCA,E4,P2,GSE168106,in_vivo,in_vivo,Han2022,,Morula (E4-5),8.4071045,4.802524,0.9450197635718955,0.49736695423780813
P2_ATCCTGTA,E5,P2,GSE168106,in_vivo,in_vivo,Han2022,,Morula (E4-5),5.4616213,4.646225,0.9308623041237567,0.5183672400305412
P2_ATGCCTAA,E4,P2,GSE168106,in_vivo,in_vivo,Han2022,,Morula (E4-5),7.5414424,5.018691,0.9529016946933799,0.47406815180682316
P2_ATTGAGGA,E5,P2,GSE168106,in_vivo,in_vivo,Han2022,,Morula (E4-5),8.871103,5.2490473,0.9769215439776764,0.4731680701310514
P2_CAACCACA,E5,P2,GSE168106,in_vivo,in_vivo,Han2022,,Morula (E4-5),7.8947268,5.3939075,0.905139413510253,0.5065200356825512
P2_CAAGACTA,E5,P2,GSE168106,in_vivo,in_vivo,Han2022,,Morula (E4-5),5.1306014,4.3202534,0.9153489317811103,0.5104346692835254
P2_CAATGGAA,E5,P2,GSE168106,in_vivo,in_vivo,Han2022,,Morula (E4-5),8.049301,5.809591,0.8742442083661497,0.5223281554526963
P2_CACTTCGA,E5,P2,GSE168106,in_vivo,in_vivo,Han2022,,Morula (E4-5),4.6827655,3.8069975,0.938200145936715,0.524239338282067
P2_CAGATCTG,E5,P2,GSE168106,in_vivo,in_vivo,Han2022,,Morula (E4-5),5.359987,4.61115,0.8773572144850281,0.5082301382738625
P2_CAGCGTTA,E5,P2,GSE168106,in_vivo,in_vivo,Han2022,,Morula (E4-5),4.6099105,2.9020872,0.7158745365385607,0.6664225834517427
P2_CATACCAA,E5,P2,GSE168106,in_vivo,in_vivo,Han2022,,Morula (E4-5),6.7804885,5.5600057,0.8454700885094939,0.4896553402639112
P2_CATCAAGT,E5,P2,GSE168106,in_vivo,in_vivo,Han2022,,Morula (E4-5),4.56181,3.2890253,0.7833536548671898,0.619160001224808
P2_CCAGTTCA,E5,P2,GSE168106,in_vivo,in_vivo,Han2022,,Morula (E4-5),6.295954,4.9814563,0.9587555058205757,0.47565546753566096
P2_CCGAAGTA,E5,P2,GSE168106,in_vivo,in_vivo,Han2022,,Morula (E4-5),7.1302447,5.6053066,0.8340216140644341,0.564435439841236
P2_CCGTGAGA,E5,P2,GSE168106,in_vivo,in_vivo,Han2022,,Morula (E4-5),8.596585,5.658186,0.8715600958342442,0.5004208087054175
P2_CCTCCTGA,E5,P2,GSE168106,in_vivo,in_vivo,Han2022,,Morula (E4-5),6.802092,5.530729,0.8671422579326069,0.4991659084251861
P2_CGAACTTA,E5,P2,GSE168106,in_vivo,in_vivo,Han2022,,Morula (E4-5),8.876375,5.3111534,1.0230947158609358,0.43850846630893586
P2_CGACTGGA,E5,P2,GSE168106,in_vivo,in_vivo,Han2022,,Morula (E4-5),8.697014,5.658696,0.9288463887560336,0.5825881071280403
P2_CGCATACA,E5,P2,GSE168106,in_vivo,in_vivo,Han2022,,Morula (E4-5),5.295854,4.819306,1.081987834321446,0.4184185370325472
P2_CGCTGATC,E5,P2,GSE168106,in_vivo,in_vivo,Han2022,,Morula (E4-5),6.0182195,5.106321,1.022297250964427,0.4809420233872061
P2_CTCAATGA,E5,P2,GSE168106,in_vivo,in_vivo,Han2022,,Morula (E4-5),6.9741845,5.6818547,0.8347564806328387,0.5058002781647372
P2_CTGGCATA,E5,P2,GSE168106,in_vivo,in_vivo,Han2022,,Morula (E4-5),8.234338,5.8871064,0.8608195785237331,0.5266309408905735
P2_CTGTAGCC,E5,P2,GSE168106,in_vivo,in_vivo,Han2022,,Morula (E4-5),4.6283126,3.7235904,1.0424818526238664,0.49523340578080755
P2_GAATCTGA,E5,P2,GSE168106,in_vivo,in_vivo,Han2022,,Morula (E4-5),6.3139606,5.214148,0.8548118155994067,0.484922241646826
P2_GAGCTGAA,E5,P2,GSE168106,in_vivo,in_vivo,Han2022,,Morula (E4-5),8.732204,5.550197,0.844607691776726,0.4986503739365388
P2_GATAGACA,E5,P2,GSE168106,in_vivo,in_vivo,Han2022,,Morula (E4-5),8.649287,5.660992,0.9032198527682409,0.533583306469952
P2_GCCACATA,E5,P2,GSE168106,in_vivo,in_vivo,Han2022,,Morula (E4-5),7.8874702,5.6794662,0.8412245784977062,0.552659145111059
P2_GCGAGTAA,E5,P2,GSE168106,in_vivo,in_vivo,Han2022,,Morula (E4-5),7.8485312,5.52154,0.9552886118607096,0.5166277114346135
P2_GCTAACGA,E5,P2,GSE168106,in_vivo,in_vivo,Han2022,,Morula (E4-5),8.563897,5.7087708,0.8835250901811686,0.502976009724925
P2_GGAGAACA,E5,P2,GSE168106,in_vivo,in_vivo,Han2022,,Morula (E4-5),6.8089414,5.364301,0.9304180805869713,0.49800791242728176
P2_GGTGCGAA,E5,P2,GSE168106,in_vivo,in_vivo,Han2022,,Morula (E4-5),4.6195383,2.6462622,0.771869006297264,0.6846331198765361
P2_GTCTGTCA,E5,P2,GSE168106,in_vivo,in_vivo,Han2022,,Morula (E4-5),4.571023,3.418972,0.9099571184260951,0.5794127791433008
P2_GTGTTCTA,E5,P2,GSE168106,in_vivo,in_vivo,Han2022,,Morula (E4-5),6.1967187,5.038562,0.857869574197142,0.5268285889681871
P2_TAGGATGA,E5,P2,GSE168106,in_vivo,in_vivo,Han2022,,Morula (E4-5),7.636695,5.4998655,1.008808345146964,0.4662762532287925
P2_TATCAGCA,E5,P2,GSE168106,in_vivo,in_vivo,Han2022,,Morula (E4-5),7.4705596,5.522918,0.993042850246346,0.45657476353871274
P2_TCCGTCTA,E5,P2,GSE168106,in_vivo,in_vivo,Han2022,,Morula (E4-5),8.469492,5.8448963,0.840881513536505,0.5495055692343871
P2_TCTTCACA,E5,P2,GSE168106,in_vivo,in_vivo,Han2022,,Morula (E4-5),5.1375394,4.7383537,1.0445106112998017,0.4437787471209216
P2_TGAAGAGA,E5,P2,GSE168106,in_vivo,in_vivo,Han2022,,Morula (E4-5),8.248614,5.814969,0.9618562951178311,0.4961374062354537
P2_TGGAACAA,E5,P2,GSE168106,in_vivo,in_vivo,Han2022,,Morula (E4-5),8.330152,5.835287,0.9537123969914533,0.47569729019076495
P2_TGGCTTCA,E5,P2,GSE168106,in_vivo,in_vivo,Han2022,,Morula (E4-5),8.867907,5.42744,1.0537746581175438,0.4428631457854603
P2_TGGTGGTA,E5,P2,GSE168106,in_vivo,in_vivo,Han2022,,Morula (E4-5),7.8946433,5.5108104,1.0042281563761926,0.4697336363339896
P2_TTCACGCA,E5,P2,GSE168106,in_vivo,in_vivo,Han2022,,Morula (E4-5),7.903081,5.689009,0.9579039735104877,0.4787117296663805
P3_AACTCACC,E8,P3,GSE168106,in_vivo,in_vivo,Han2022,,Early blastocyst (E6-8),5.1560807,7.535021,-1.000088900581841e-12,1.0
P3_AAGAGATC,E8,P3,GSE168106,in_vivo,in_vivo,Han2022,,Early blastocyst (E6-8),4.0985,5.1147428,-1.000088900581841e-12,1.0
P3_AAGGACAC,E8,P3,GSE168106,in_vivo,in_vivo,Han2022,,Early blastocyst (E6-8),5.8097315,8.430855,-1.000088900581841e-12,1.0
P3_AATGTTGC,E8,P3,GSE168106,in_vivo,in_vivo,Han2022,,Early blastocyst (E6-8),1.7059588,6.465054,-1.000088900581841e-12,1.0
P3_ACACGACC,E8,P3,GSE168106,in_vivo,in_vivo,Han2022,,Early blastocyst (E6-8),0.52116483,7.2083282,-1.000088900581841e-12,1.0
P3_ACAGATTC,E8,P3,GSE168106,in_vivo,in_vivo,Han2022,,Early blastocyst (E6-8),-0.014095856,7.7374687,-1.000088900581841e-12,1.0
P3_AGATGTAC,E8,P3,GSE168106,in_vivo,in_vivo,Han2022,,Early blastocyst (E6-8),0.5885712,7.03482,-1.000088900581841e-12,1.0
P3_AGCACCTC,E8,P3,GSE168106,in_vivo,in_vivo,Han2022,,Early blastocyst (E6-8),-0.2638651,7.8825636,-1.000088900581841e-12,1.0
P3_AGCCATGC,E8,P3,GSE168106,in_vivo,in_vivo,Han2022,,Early blastocyst (E6-8),1.7466172,6.0445285,-1.000088900581841e-12,1.0
P3_AGGCTAAC,E8,P3,GSE168106,in_vivo,in_vivo,Han2022,,Early blastocyst (E6-8),-1.2832898,8.502033,-1.000088900581841e-12,1.0
P3_ATAGCGAC,E8,P3,GSE168106,in_vivo,in_vivo,Han2022,,Early blastocyst (E6-8),-0.19669642,7.9659376,-1.000088900581841e-12,1.0
P3_ATCATTCC,E8,P3,GSE168106,in_vivo,in_vivo,Han2022,,Early blastocyst (E6-8),-0.6920574,8.6179085,-1.000088900581841e-12,1.0
P3_ATTGGCTC,E8,P3,GSE168106,in_vivo,in_vivo,Han2022,,Early blastocyst (E6-8),1.5805728,6.153607,-1.000088900581841e-12,1.0
P3_CAAGGAGC,E8,P3,GSE168106,in_vivo,in_vivo,Han2022,,Early blastocyst (E6-8),-0.11151574,7.7701187,-1.000088900581841e-12,1.0
P3_CACCTTAC,E8,P3,GSE168106,in_vivo,in_vivo,Han2022,,Early blastocyst (E6-8),-0.048981722,7.593877,-1.000088900581841e-12,1.0
P3_CCATCCTC,E8,P3,GSE168106,in_vivo,in_vivo,Han2022,,Early blastocyst (E6-8),2.1667602,5.5358133,-1.000088900581841e-12,1.0
P3_CCGACAAC,E8,P3,GSE168106,in_vivo,in_vivo,Han2022,,Early blastocyst (E6-8),-0.36101276,8.257332,-1.000088900581841e-12,1.0
P3_CCTAATCC,E8,P3,GSE168106,in_vivo,in_vivo,Han2022,,Early blastocyst (E6-8),2.0018003,5.8548846,-1.000088900581841e-12,1.0
P3_CCTCTATC,E8,P3,GSE168106,in_vivo,in_vivo,Han2022,,Early blastocyst (E6-8),2.4902,5.3367324,-1.000088900581841e-12,1.0
P3_CGACACAC,E8,P3,GSE168106,in_vivo,in_vivo,Han2022,,Early blastocyst (E6-8),0.72218144,6.8380995,-1.000088900581841e-12,1.0
P3_CGGATTGC,E8,P3,GSE168106,in_vivo,in_vivo,Han2022,,Early blastocyst (E6-8),0.47513607,6.8461585,-1.000088900581841e-12,1.0
P3_CTAAGGTC,E8,P3,GSE168106,in_vivo,in_vivo,Han2022,,Early blastocyst (E6-8),2.6001246,5.288544,-1.000088900581841e-12,1.0
P3_GAACAGGC,E8,P3,GSE168106,in_vivo,in_vivo,Han2022,,Early blastocyst (E6-8),0.5306788,7.1291285,-1.000088900581841e-12,1.0
P3_GACAGTGC,E8,P3,GSE168106,in_vivo,in_vivo,Han2022,,Early blastocyst (E6-8),3.4999642,4.0696197,-1.000088900581841e-12,1.0
P3_GAGTTAGC,E8,P3,GSE168106,in_vivo,in_vivo,Han2022,,Early blastocyst (E6-8),0.3073274,7.3661613,-1.000088900581841e-12,1.0
P3_GATGAATC,E8,P3,GSE168106,in_vivo,in_vivo,Han2022,,Early blastocyst (E6-8),1.0955815,6.81523,-1.000088900581841e-12,1.0
P3_GCCAAGAC,E8,P3,GSE168106,in_vivo,in_vivo,Han2022,,Early blastocyst (E6-8),-0.9818803,8.556268,-1.000088900581841e-12,1.0
P3_TGGCTTCA,E8,P3,GSE168106,in_vivo,in_vivo,Han2022,,Early blastocyst (E6-8),5.631863,8.151155,-1.000088900581841e-12,1.0
P3_TGGTGGTA,E8,P3,GSE168106,in_vivo,in_vivo,Han2022,,Early blastocyst (E6-8),5.574351,8.048547,-1.000088900581841e-12,1.0
P3_TTCACGCA,E8,P3,GSE168106,in_vivo,in_vivo,Han2022,,Early blastocyst (E6-8),4.1409082,5.4824038,-1.000088900581841e-12,1.0
P4_AAACATCG,E8,P4,GSE168106,in_vivo,in_vivo,Han2022,,Early blastocyst (E6-8),4.566417,6.760228,-1.000088900581841e-12,1.0
P4_AACAACCA,E8,P4,GSE168106,in_vivo,in_vivo,Han2022,,Early blastocyst (E6-8),0.17787541,7.6612673,-1.000088900581841e-12,1.0
P4_AACCGAGA,E8,P4,GSE168106,in_vivo,in_vivo,Han2022,,Early blastocyst (E6-8),-0.8793043,9.015477,-1.000088900581841e-12,1.0
P4_AACGCTTA,E8,P4,GSE168106,in_vivo,in_vivo,Han2022,,Early blastocyst (E6-8),-0.84785163,9.089149,-1.000088900581841e-12,1.0
P4_AACGTGAT,E8,P4,GSE168106,in_vivo,in_vivo,Han2022,,Early blastocyst (E6-8),4.688954,6.8556657,-1.000088900581841e-12,1.0
P4_AAGACGGA,E8,P4,GSE168106,in_vivo,in_vivo,Han2022,,Early blastocyst (E6-8),-0.6479122,8.911498,-1.000088900581841e-12,1.0
P4_AAGAGATC,E8,P4,GSE168106,in_vivo,in_vivo,Han2022,,Early blastocyst (E6-8),4.7671337,7.2773433,-1.000088900581841e-12,1.0
P4_AAGGACAC,E8,P4,GSE168106,in_vivo,in_vivo,Han2022,,Early blastocyst (E6-8),4.3341675,2.6860578,-1.000088900581841e-12,1.0
P4_AAGGTACA,E8,P4,GSE168106,in_vivo,in_vivo,Han2022,,Early blastocyst (E6-8),-1.0659769,8.921677,-1.000088900581841e-12,1.0
P4_AATCCGTC,E8,P4,GSE168106,in_vivo,in_vivo,Han2022,,Early blastocyst (E6-8),4.501405,6.6814346,-1.000088900581841e-12,1.0
P4_AATGTTGC,E8,P4,GSE168106,in_vivo,in_vivo,Han2022,,Early blastocyst (E6-8),1.484292,6.95946,-1.000088900581841e-12,1.0
P4_ACAAGCTA,E8,P4,GSE168106,in_vivo,in_vivo,Han2022,,Early blastocyst (E6-8),0.48708233,7.67905,-1.000088900581841e-12,1.0
P4_ACACAGAA,E8,P4,GSE168106,in_vivo,in_vivo,Han2022,,Early blastocyst (E6-8),-0.75396985,8.97921,-1.000088900581841e-12,1.0
P4_ACACGACC,E8,P4,GSE168106,in_vivo,in_vivo,Han2022,,Early blastocyst (E6-8),2.782336,5.7584577,-1.000088900581841e-12,1.0
P4_ACAGATTC,E8,P4,GSE168106,in_vivo,in_vivo,Han2022,,Early blastocyst (E6-8),-1.5491277,8.746311,-1.000088900581841e-12,1.0
P4_ACAGCAGA,E8,P4,GSE168106,in_vivo,in_vivo,Han2022,,Early blastocyst (E6-8),-1.4699281,8.789004,-1.000088900581841e-12,1.0
P4_ACCACTGT,E8,P4,GSE168106,in_vivo,in_vivo,Han2022,,Early blastocyst (E6-8),3.9869392,5.545609,-1.000088900581841e-12,1.0
P4_ACCTCCAA,E8,P4,GSE168106,in_vivo,in_vivo,Han2022,,Early blastocyst (E6-8),1.995575,6.1436524,-1.000088900581841e-12,1.0
P4_ACGCTCGA,E8,P4,GSE168106,in_vivo,in_vivo,Han2022,,Early blastocyst (E6-8),3.1037629,3.4734285,-1.000088900581841e-12,1.0
P4_ACGTATCA,E8,P4,GSE168106,in_vivo,in_vivo,Han2022,,Early blastocyst (E6-8),-3.3129094,-2.2313316,-1.000088900581841e-12,1.0
P4_ACTATGCA,E8,P4,GSE168106,in_vivo,in_vivo,Han2022,,Early blastocyst (E6-8),4.0492687,3.0196514,-1.000088900581841e-12,1.0
P4_AGAGTCAA,E8,P4,GSE168106,in_vivo,in_vivo,Han2022,,Early blastocyst (E6-8),0.6102059,7.4338384,-1.000088900581841e-12,1.0
P4_AGATCGCA,E8,P4,GSE168106,in_vivo,in_vivo,Han2022,,Early blastocyst (E6-8),0.20483842,8.184153,-1.000088900581841e-12,1.0
P4_AGATGTAC,E8,P4,GSE168106,in_vivo,in_vivo,Han2022,,Early blastocyst (E6-8),-0.4925502,8.666822,-1.000088900581841e-12,1.0
P4_AGCACCTC,E8,P4,GSE168106,in_vivo,in_vivo,Han2022,,Early blastocyst (E6-8),-1.3570355,8.931907,-1.000088900581841e-12,1.0
P4_AGCAGGAA,E8,P4,GSE168106,in_vivo,in_vivo,Han2022,,Early blastocyst (E6-8),-1.1760881,1.0036851,-1.000088900581841e-12,1.0
P4_AGCCATGC,E8,P4,GSE168106,in_vivo,in_vivo,Han2022,,Early blastocyst (E6-8),-0.49693692,8.908838,-1.000088900581841e-12,1.0
P4_AGGCTAAC,E8,P4,GSE168106,in_vivo,in_vivo,Han2022,,Early blastocyst (E6-8),1.6914492,6.841898,-1.000088900581841e-12,1.0
P4_AGTACAAG,E8,P4,GSE168106,in_vivo,in_vivo,Han2022,,Early blastocyst (E6-8),0.53017867,7.556657,-1.000088900581841e-12,1.0
P4_AGTCACTA,E8,P4,GSE168106,in_vivo,in_vivo,Han2022,,Early blastocyst (E6-8),-0.80740714,8.892354,-1.000088900581841e-12,1.0
P4_AGTGGTCA,E8,P4,GSE168106,in_vivo,in_vivo,Han2022,,Early blastocyst (E6-8),4.922029,7.441135,-1.000088900581841e-12,1.0
P4_ATAGCGAC,E8,P4,GSE168106,in_vivo,in_vivo,Han2022,,Early blastocyst (E6-8),-1.4343766,8.862888,-1.000088900581841e-12,1.0
P4_ATCATTCC,E8,P4,GSE168106,in_vivo,in_vivo,Han2022,,Early blastocyst (E6-8),-0.548726,9.002272,-1.000088900581841e-12,1.0
P4_ATCCTGTA,E8,P4,GSE168106,in_vivo,in_vivo,Han2022,,Early blastocyst (E6-8),4.3007646,3.2416785,-1.000088900581841e-12,1.0
P4_ATGCCTAA,E8,P4,GSE168106,in_vivo,in_vivo,Han2022,,Early blastocyst (E6-8),4.6190557,6.9837995,-1.000088900581841e-12,1.0
P4_ATTGAGGA,E8,P4,GSE168106,in_vivo,in_vivo,Han2022,,Early blastocyst (E6-8),-2.6440954,8.260515,-1.000088900581841e-12,1.0
P4_ATTGGCTC,E8,P4,GSE168106,in_vivo,in_vivo,Han2022,,Early blastocyst (E6-8),0.20790417,8.137861,-1.000088900581841e-12,1.0
P4_CAACCACA,E8,P4,GSE168106,in_vivo,in_vivo,Han2022,,Early blastocyst (E6-8),-1.6778085,8.64104,-1.000088900581841e-12,1.0
P4_CAAGACTA,E8,P4,GSE168106,in_vivo,in_vivo,Han2022,,Early blastocyst (E6-8),1.0713488,7.291297,-1.000088900581841e-12,1.0
P4_CAAGGAGC,E8,P4,GSE168106,in_vivo,in_vivo,Han2022,,Early blastocyst (E6-8),-1.1681564,8.949812,-1.000088900581841e-12,1.0
P4_CAATGGAA,E8,P4,GSE168106,in_vivo,in_vivo,Han2022,,Early blastocyst (E6-8),1.0778211,7.370456,-1.000088900581841e-12,1.0
P4_CACCTTAC,E8,P4,GSE168106,in_vivo,in_vivo,Han2022,,Early blastocyst (E6-8),-0.9163068,8.950698,-1.000088900581841e-12,1.0
P4_CACTTCGA,E8,P4,GSE168106,in_vivo,in_vivo,Han2022,,Early blastocyst (E6-8),5.607014,8.058163,-1.000088900581841e-12,1.0
P4_CAGATCTG,E8,P4,GSE168106,in_vivo,in_vivo,Han2022,,Early blastocyst (E6-8),3.8852239,5.3397655,-1.000088900581841e-12,1.0
P4_CATACCAA,E8,P4,GSE168106,in_vivo,in_vivo,Han2022,,Early blastocyst (E6-8),4.768961,6.9923987,-1.000088900581841e-12,1.0
P4_CATCAAGT,E8,P4,GSE168106,in_vivo,in_vivo,Han2022,,Early blastocyst (E6-8),-1.0117804,1.2300793,-1.000088900581841e-12,1.0
P4_CCATCCTC,E8,P4,GSE168106,in_vivo,in_vivo,Han2022,,Early blastocyst (E6-8),1.3559475,7.176357,-1.000088900581841e-12,1.0
P4_CCGAAGTA,E8,P4,GSE168106,in_vivo,in_vivo,Han2022,,Early blastocyst (E6-8),5.669002,8.228056,-1.000088900581841e-12,1.0
P4_CCGACAAC,E8,P4,GSE168106,in_vivo,in_vivo,Han2022,,Early blastocyst (E6-8),-0.26826018,8.77869,-1.000088900581841e-12,1.0
P4_CCTAATCC,E8,P4,GSE168106,in_vivo,in_vivo,Han2022,,Early blastocyst (E6-8),0.013579076,8.406945,-1.000088900581841e-12,1.0
P4_CCTCTATC,E8,P4,GSE168106,in_vivo,in_vivo,Han2022,,Early blastocyst (E6-8),2.2302806,6.10538,-1.000088900581841e-12,1.0
P4_CGAACTTA,E8,P4,GSE168106,in_vivo,in_vivo,Han2022,,Early blastocyst (E6-8),5.2660203,7.910453,-1.000088900581841e-12,1.0
P4_CGACACAC,E8,P4,GSE168106,in_vivo,in_vivo,Han2022,,Early blastocyst (E6-8),1.116516,7.421901,-1.000088900581841e-12,1.0
P4_CGACTGGA,E8,P4,GSE168106,in_vivo,in_vivo,Han2022,,Early blastocyst (E6-8),0.20391105,8.2717705,-1.000088900581841e-12,1.0
P4_CGCATACA,E8,P4,GSE168106,in_vivo,in_vivo,Han2022,,Early blastocyst (E6-8),-1.370675,0.75391346,-1.000088900581841e-12,1.0
P4_CGCTGATC,E8,P4,GSE168106,in_vivo,in_vivo,Han2022,,Early blastocyst (E6-8),2.2816403,6.0154266,-1.000088900581841e-12,1.0
P4_CGGATTGC,E8,P4,GSE168106,in_vivo,in_vivo,Han2022,,Early blastocyst (E6-8),-0.739045,9.069043,-1.000088900581841e-12,1.0
P4_CTAAGGTC,E8,P4,GSE168106,in_vivo,in_vivo,Han2022,,Early blastocyst (E6-8),-0.6986232,8.97295,-1.000088900581841e-12,1.0
P4_CTCAATGA,E8,P4,GSE168106,in_vivo,in_vivo,Han2022,,Early blastocyst (E6-8),1.3450048,7.231505,-1.000088900581841e-12,1.0
P4_CTGAGCCA,E8,P4,GSE168106,in_vivo,in_vivo,Han2022,,Early blastocyst (E6-8),0.9747773,7.484813,-1.000088900581841e-12,1.0
P4_CTGGCATA,E8,P4,GSE168106,in_vivo,in_vivo,Han2022,,Early blastocyst (E6-8),1.159765,7.3370557,-1.000088900581841e-12,1.0
P4_GAACAGGC,E8,P4,GSE168106,in_vivo,in_vivo,Han2022,,Early blastocyst (E6-8),-0.14435415,8.636458,-1.000088900581841e-12,1.0
P4_GAATCTGA,E8,P4,GSE168106,in_vivo,in_vivo,Han2022,,Early blastocyst (E6-8),2.255305,5.970596,-1.000088900581841e-12,1.0
P4_GACAGTGC,E8,P4,GSE168106,in_vivo,in_vivo,Han2022,,Early blastocyst (E6-8),2.2161477,5.963585,-1.000088900581841e-12,1.0
P4_GACTAGTA,E8,P4,GSE168106,in_vivo,in_vivo,Han2022,,Early blastocyst (E6-8),-0.39740813,8.839417,-1.000088900581841e-12,1.0
P4_GAGCTGAA,E8,P4,GSE168106,in_vivo,in_vivo,Han2022,,Early blastocyst (E6-8),0.05801788,8.427957,-1.000088900581841e-12,1.0
P4_GAGTTAGC,E8,P4,GSE168106,in_vivo,in_vivo,Han2022,,Early blastocyst (E6-8),-0.4706488,8.965374,-1.000088900581841e-12,1.0
P4_GATAGACA,E8,P4,GSE168106,in_vivo,in_vivo,Han2022,,Early blastocyst (E6-8),-0.83598155,1.3095098,-1.000088900581841e-12,1.0
P4_GATGAATC,E8,P4,GSE168106,in_vivo,in_vivo,Han2022,,Early blastocyst (E6-8),-0.6131342,8.921673,-1.000088900581841e-12,1.0
P4_GCCAAGAC,E8,P4,GSE168106,in_vivo,in_vivo,Han2022,,Early blastocyst (E6-8),-1.3908476,8.887463,-1.000088900581841e-12,1.0
P4_GCCACATA,E8,P4,GSE168106,in_vivo,in_vivo,Han2022,,Early blastocyst (E6-8),-0.44972348,8.894137,-1.000088900581841e-12,1.0
P4_GCGAGTAA,E8,P4,GSE168106,in_vivo,in_vivo,Han2022,,Early blastocyst (E6-8),0.8385291,7.644083,-1.000088900581841e-12,1.0
P4_GCTAACGA,E8,P4,GSE168106,in_vivo,in_vivo,Han2022,,Early blastocyst (E6-8),2.4129105,5.787627,-1.000088900581841e-12,1.0
P4_GCTCGGTA,E8,P4,GSE168106,in_vivo,in_vivo,Han2022,,Early blastocyst (E6-8),2.2035317,6.013146,-1.000088900581841e-12,1.0
P4_GGAGAACA,E8,P4,GSE168106,in_vivo,in_vivo,Han2022,,Early blastocyst (E6-8),0.081348285,8.4524,-1.000088900581841e-12,1.0
P4_GGTGCGAA,E8,P4,GSE168106,in_vivo,in_vivo,Han2022,,Early blastocyst (E6-8),2.327218,5.8678355,-1.000088900581841e-12,1.0
P4_GTACGCAA,E8,P4,GSE168106,in_vivo,in_vivo,Han2022,,Early blastocyst (E6-8),2.6963434,5.6195726,-1.000088900581841e-12,1.0
P4_GTCGTAGA,E8,P4,GSE168106,in_vivo,in_vivo,Han2022,,Early blastocyst (E6-8),2.6274946,5.471921,-1.000088900581841e-12,1.0
P4_GTCTGTCA,E8,P4,GSE168106,in_vivo,in_vivo,Han2022,,Early blastocyst (E6-8),-0.38073465,8.750085,-1.000088900581841e-12,1.0
P4_GTGTTCTA,E8,P4,GSE168106,in_vivo,in_vivo,Han2022,,Early blastocyst (E6-8),1.1795287,7.414921,-1.000088900581841e-12,1.0
P4_TAGGATGA,E8,P4,GSE168106,in_vivo,in_vivo,Han2022,,Early blastocyst (E6-8),-0.5672231,9.001143,-1.000088900581841e-12,1.0
P4_TATCAGCA,E8,P4,GSE168106,in_vivo,in_vivo,Han2022,,Early blastocyst (E6-8),0.39733344,7.956022,-1.000088900581841e-12,1.0
P4_TCCGTCTA,E8,P4,GSE168106,in_vivo,in_vivo,Han2022,,Early blastocyst (E6-8),-0.94764394,9.0418,-1.000088900581841e-12,1.0
P4_TCTTCACA,E8,P4,GSE168106,in_vivo,in_vivo,Han2022,,Early blastocyst (E6-8),2.0802448,6.3126187,-1.000088900581841e-12,1.0
P4_TGAAGAGA,E8,P4,GSE168106,in_vivo,in_vivo,Han2022,,Early blastocyst (E6-8),2.6589723,5.334755,-1.000088900581841e-12,1.0
P4_TGGAACAA,E8,P4,GSE168106,in_vivo,in_vivo,Han2022,,Early blastocyst (E6-8),4.3027873,3.065413,-1.000088900581841e-12,1.0
P4_TTCACGCA,E8,P4,GSE168106,in_vivo,in_vivo,Han2022,,Early blastocyst (E6-8),4.0450125,4.8218966,-1.000088900581841e-12,1.0
P5_AAACATCG,E8,P5,GSE168106,in_vivo,in_vivo,Han2022,,Early blastocyst (E6-8),4.828348,7.4525275,-1.000088900581841e-12,1.0
P5_AACAACCA,E8,P5,GSE168106,in_vivo,in_vivo,Han2022,,Early blastocyst (E6-8),-1.2830274,1.0597162,-1.000088900581841e-12,1.0
P5_AACCGAGA,E8,P5,GSE168106,in_vivo,in_vivo,Han2022,,Early blastocyst (E6-8),-0.69543695,8.892042,-1.000088900581841e-12,1.0
P5_AACGCTTA,E8,P5,GSE168106,in_vivo,in_vivo,Han2022,,Early blastocyst (E6-8),-1.4732654,0.4272493,-1.000088900581841e-12,1.0
P5_AAGACGGA,E8,P5,GSE168106,in_vivo,in_vivo,Han2022,,Early blastocyst (E6-8),-1.5054976,0.39875373,-1.000088900581841e-12,1.0
P5_AAGGTACA,E8,P5,GSE168106,in_vivo,in_vivo,Han2022,,Early blastocyst (E6-8),0.011908945,8.540291,-1.000088900581841e-12,1.0
P5_ACAAGCTA,E8,P5,GSE168106,in_vivo,in_vivo,Han2022,,Early blastocyst (E6-8),-1.5089333,0.694935,-1.000088900581841e-12,1.0
P5_ACACAGAA,E8,P5,GSE168106,in_vivo,in_vivo,Han2022,,Early blastocyst (E6-8),1.3645337,7.321309,-1.000088900581841e-12,1.0
P5_ACAGCAGA,E8,P5,GSE168106,in_vivo,in_vivo,Han2022,,Early blastocyst (E6-8),-1.5876504,8.7533455,-1.000088900581841e-12,1.0
P5_ACCTCCAA,E8,P5,GSE168106,in_vivo,in_vivo,Han2022,,Early blastocyst (E6-8),2.0978007,5.953186,-1.000088900581841e-12,1.0
P5_ACGCTCGA,E8,P5,GSE168106,in_vivo,in_vivo,Han2022,,Early blastocyst (E6-8),1.9837478,6.117822,-1.000088900581841e-12,1.0
P5_ACGTATCA,E8,P5,GSE168106,in_vivo,in_vivo,Han2022,,Early blastocyst (E6-8),0.03960109,8.359493,-1.000088900581841e-12,1.0
P5_AGAGTCAA,E8,P5,GSE168106,in_vivo,in_vivo,Han2022,,Early blastocyst (E6-8),2.5618122,5.5742483,-1.000088900581841e-12,1.0
P5_AGATCGCA,E8,P5,GSE168106,in_vivo,in_vivo,Han2022,,Early blastocyst (E6-8),1.3249586,7.271919,-1.000088900581841e-12,1.0
P5_AGCAGGAA,E8,P5,GSE168106,in_vivo,in_vivo,Han2022,,Early blastocyst (E6-8),0.8100251,7.449322,-1.000088900581841e-12,1.0
P5_AGTACAAG,E8,P5,GSE168106,in_vivo,in_vivo,Han2022,,Early blastocyst (E6-8),-1.0738845,1.0627582,-1.000088900581841e-12,1.0
P5_AGTCACTA,E8,P5,GSE168106,in_vivo,in_vivo,Han2022,,Early blastocyst (E6-8),-0.10576251,8.635259,-1.000088900581841e-12,1.0
P5_AGTGGTCA,E8,P5,GSE168106,in_vivo,in_vivo,Han2022,,Early blastocyst (E6-8),4.534137,6.900944,-1.000088900581841e-12,1.0
P5_ATCCTGTA,E8,P5,GSE168106,in_vivo,in_vivo,Han2022,,Early blastocyst (E6-8),1.3004806,7.2869263,-1.000088900581841e-12,1.0
P5_ATTGAGGA,E8,P5,GSE168106,in_vivo,in_vivo,Han2022,,Early blastocyst (E6-8),-0.15506685,8.760511,-1.000088900581841e-12,1.0
P5_CAACCACA,E8,P5,GSE168106,in_vivo,in_vivo,Han2022,,Early blastocyst (E6-8),-1.1317762,9.056383,-1.000088900581841e-12,1.0
P5_CAAGACTA,E8,P5,GSE168106,in_vivo,in_vivo,Han2022,,Early blastocyst (E6-8),2.423636,5.7148414,-1.000088900581841e-12,1.0
P5_CAATGGAA,E8,P5,GSE168106,in_vivo,in_vivo,Han2022,,Early blastocyst (E6-8),1.2022958,7.4033995,-1.000088900581841e-12,1.0
P5_CCGAAGTA,E8,P5,GSE168106,in_vivo,in_vivo,Han2022,,Early blastocyst (E6-8),1.0799222,7.262983,-1.000088900581841e-12,1.0
P5_CCTCCTGA,E8,P5,GSE168106,in_vivo,in_vivo,Han2022,,Early blastocyst (E6-8),2.4644268,5.4880342,-1.000088900581841e-12,1.0
P5_CGAACTTA,E8,P5,GSE168106,in_vivo,in_vivo,Han2022,,Early blastocyst (E6-8),4.4281197,6.6775494,-1.000088900581841e-12,1.0
P5_CGACTGGA,E8,P5,GSE168106,in_vivo,in_vivo,Han2022,,Early blastocyst (E6-8),-1.1917527,9.01442,-1.000088900581841e-12,1.0
P5_CGCATACA,E8,P5,GSE168106,in_vivo,in_vivo,Han2022,,Early blastocyst (E6-8),1.622171,6.943172,-1.000088900581841e-12,1.0
P5_CGCTGATC,E8,P5,GSE168106,in_vivo,in_vivo,Han2022,,Early blastocyst (E6-8),-1.5288705,0.57395035,-1.000088900581841e-12,1.0
P5_CTCAATGA,E8,P5,GSE168106,in_vivo,in_vivo,Han2022,,Early blastocyst (E6-8),1.1047922,7.307524,-1.000088900581841e-12,1.0
P5_CTGAGCCA,E8,P5,GSE168106,in_vivo,in_vivo,Han2022,,Early blastocyst (E6-8),-1.5653635,0.56691575,-1.000088900581841e-12,1.0
P5_CTGGCATA,E8,P5,GSE168106,in_vivo,in_vivo,Han2022,,Early blastocyst (E6-8),2.641984,5.6666813,-1.000088900581841e-12,1.0
P5_CTGTAGCC,E8,P5,GSE168106,in_vivo,in_vivo,Han2022,,Early blastocyst (E6-8),-0.11329243,1.8346708,-1.000088900581841e-12,1.0
P5_GAATCTGA,E8,P5,GSE168106,in_vivo,in_vivo,Han2022,,Early blastocyst (E6-8),-0.049460024,8.6109495,-1.000088900581841e-12,1.0
P5_GACTAGTA,E8,P5,GSE168106,in_vivo,in_vivo,Han2022,,Early blastocyst (E6-8),-1.1078165,8.906402,-1.000088900581841e-12,1.0
P5_GAGCTGAA,E8,P5,GSE168106,in_vivo,in_vivo,Han2022,,Early blastocyst (E6-8),0.14542605,8.226059,-1.000088900581841e-12,1.0
P5_GCCACATA,E8,P5,GSE168106,in_vivo,in_vivo,Han2022,,Early blastocyst (E6-8),1.0395068,7.517217,-1.000088900581841e-12,1.0
P5_GCGAGTAA,E8,P5,GSE168106,in_vivo,in_vivo,Han2022,,Early blastocyst (E6-8),1.002298,7.451876,-1.000088900581841e-12,1.0
P5_GCTCGGTA,E8,P5,GSE168106,in_vivo,in_vivo,Han2022,,Early blastocyst (E6-8),1.6311425,6.9936266,-1.000088900581841e-12,1.0
P5_GGAGAACA,E8,P5,GSE168106,in_vivo,in_vivo,Han2022,,Early blastocyst (E6-8),-3.2543454,-1.8764249,-1.000088900581841e-12,1.0
P5_GGTGCGAA,E8,P5,GSE168106,in_vivo,in_vivo,Han2022,,Early blastocyst (E6-8),0.21273397,8.237816,-1.000088900581841e-12,1.0
P5_GTACGCAA,E8,P5,GSE168106,in_vivo,in_vivo,Han2022,,Early blastocyst (E6-8),2.2963526,5.855392,-1.000088900581841e-12,1.0
P5_GTCGTAGA,E8,P5,GSE168106,in_vivo,in_vivo,Han2022,,Early blastocyst (E6-8),1.4544779,7.0510993,-1.000088900581841e-12,1.0
P5_GTCTGTCA,E8,P5,GSE168106,in_vivo,in_vivo,Han2022,,Early blastocyst (E6-8),2.2324388,6.093099,-1.000088900581841e-12,1.0
P5_GTGTTCTA,E8,P5,GSE168106,in_vivo,in_vivo,Han2022,,Early blastocyst (E6-8),2.579611,5.4614267,-1.000088900581841e-12,1.0
P5_TAGGATGA,E8,P5,GSE168106,in_vivo,in_vivo,Han2022,,Early blastocyst (E6-8),-0.48892337,8.897485,-1.000088900581841e-12,1.0
P5_TATCAGCA,E8,P5,GSE168106,in_vivo,in_vivo,Han2022,,Early blastocyst (E6-8),2.0623577,6.261602,-1.000088900581841e-12,1.0
P5_TCCGTCTA,E8,P5,GSE168106,in_vivo,in_vivo,Han2022,,Early blastocyst (E6-8),1.2391661,7.3700347,-1.000088900581841e-12,1.0
P5_TCTTCACA,E8,P5,GSE168106,in_vivo,in_vivo,Han2022,,Early blastocyst (E6-8),-0.4192719,8.975087,-1.000088900581841e-12,1.0
P5_TGAAGAGA,E8,P5,GSE168106,in_vivo,in_vivo,Han2022,,Early blastocyst (E6-8),1.9796151,6.557033,-1.000088900581841e-12,1.0
P8_AACTCACC,E7,P8,GSE168106,in_vivo,in_vivo,Han2022,,Early blastocyst (E6-8),4.876877,6.8045344,0.03139652739229942,0.9955522472510292
P8_AAGAGATC,E7,P8,GSE168106,in_vivo,in_vivo,Han2022,,Early blastocyst (E6-8),3.9860647,4.1663966,0.9991301841248562,0.43532075437842993
P8_AATGTTGC,E7,P8,GSE168106,in_vivo,in_vivo,Han2022,,Early blastocyst (E6-8),2.903272,4.6352596,0.6140649164757189,0.7189342320844964
P8_ACACGACC,E7,P8,GSE168106,in_vivo,in_vivo,Han2022,,Early blastocyst (E6-8),-1.0979227,6.212357,0.41286324441907185,0.8559846329050963
P8_ACAGATTC,E7,P8,GSE168106,in_vivo,in_vivo,Han2022,,Early blastocyst (E6-8),4.2908044,3.2047267,0.7105066811870917,0.5748628030793227
P8_AGAGTCAA,E7,P8,GSE168106,in_vivo,in_vivo,Han2022,,Early blastocyst (E6-8),5.3490596,7.705395,0.000547870332873061,0.9999518884966422
P8_AGCAGGAA,E7,P8,GSE168106,in_vivo,in_vivo,Han2022,,Early blastocyst (E6-8),-0.35894024,6.40165,0.6432368671081079,0.657622801394652
P8_AGCCATGC,E7,P8,GSE168106,in_vivo,in_vivo,Han2022,,Early blastocyst (E6-8),3.3472729,4.098037,0.6957032917478687,0.6687943082177913
P8_AGGCTAAC,E7,P8,GSE168106,in_vivo,in_vivo,Han2022,,Early blastocyst (E6-8),-0.44160166,6.4734893,0.9301831392112859,0.6016635873117768
P8_AGTCACTA,E7,P8,GSE168106,in_vivo,in_vivo,Han2022,,Early blastocyst (E6-8),-1.0823588,6.228528,0.4121742559799988,0.8577347698941563
P8_ATAGCGAC,E7,P8,GSE168106,in_vivo,in_vivo,Han2022,,Early blastocyst (E6-8),-1.3809046,6.215715,0.7691855670810782,0.508053494498007
P8_ATCATTCC,E7,P8,GSE168106,in_vivo,in_vivo,Han2022,,Early blastocyst (E6-8),-1.2243918,6.192328,0.690255788408976,0.5545790041924588
P8_ATCCTGTA,E7,P8,GSE168106,in_vivo,in_vivo,Han2022,,Early blastocyst (E6-8),5.427503,7.832016,0.0013705718089893995,0.9998675058104267
P8_ATTGAGGA,E7,P8,GSE168106,in_vivo,in_vivo,Han2022,,Early blastocyst (E6-8),-0.05318765,6.453552,0.39438843305838467,0.8678651801465045
P8_ATTGGCTC,E7,P8,GSE168106,in_vivo,in_vivo,Han2022,,Early blastocyst (E6-8),-0.4968805,6.3166065,0.746270339918863,0.5747982770533125
P8_CAAGACTA,E7,P8,GSE168106,in_vivo,in_vivo,Han2022,,Early blastocyst (E6-8),1.2656581,5.6524034,0.7013375643207184,0.5722707926765399
P8_CAAGGAGC,E7,P8,GSE168106,in_vivo,in_vivo,Han2022,,Early blastocyst (E6-8),1.2533041,5.8483906,1.0756318132872642,0.43645750306602293
P8_CAATGGAA,E7,P8,GSE168106,in_vivo,in_vivo,Han2022,,Early blastocyst (E6-8),-0.0075343926,6.373105,0.40871414444534115,0.8635385736915426
P8_CACCTTAC,E7,P8,GSE168106,in_vivo,in_vivo,Han2022,,Early blastocyst (E6-8),-0.8494032,6.224707,0.6376452785437159,0.6971250253245534
P8_CACTTCGA,E7,P8,GSE168106,in_vivo,in_vivo,Han2022,,Early blastocyst (E6-8),-0.37919158,5.259972,0.5193074498425748,0.8442397421347339
P8_CAGCGTTA,E7,P8,GSE168106,in_vivo,in_vivo,Han2022,,Early blastocyst (E6-8),2.8772082,4.6250362,0.5909020329347119,0.7465910228971132
P8_CATACCAA,E7,P8,GSE168106,in_vivo,in_vivo,Han2022,,Early blastocyst (E6-8),-0.43833864,6.3014207,0.6706931973682315,0.6512517456711222
P8_CCAGTTCA,E7,P8,GSE168106,in_vivo,in_vivo,Han2022,,Early blastocyst (E6-8),-1.270931,6.160227,0.5094862799994955,0.7967024822197496
P8_CCATCCTC,E7,P8,GSE168106,in_vivo,in_vivo,Han2022,,Early blastocyst (E6-8),2.6362813,4.898576,0.5552688971311617,0.775403970351656
P8_CCGAAGTA,E7,P8,GSE168106,in_vivo,in_vivo,Han2022,,Early blastocyst (E6-8),-0.0031959983,6.3301473,0.6946094661292159,0.6043515431550193
P8_CCGACAAC,E7,P8,GSE168106,in_vivo,in_vivo,Han2022,,Early blastocyst (E6-8),-0.8977434,6.092717,0.6667805662052753,0.6618458722568212
P8_CCGTGAGA,E7,P8,GSE168106,in_vivo,in_vivo,Han2022,,Early blastocyst (E6-8),-1.0377203,6.2691226,0.724233830020599,0.5306668564764542
P8_CCTAATCC,E7,P8,GSE168106,in_vivo,in_vivo,Han2022,,Early blastocyst (E6-8),-0.6846911,6.203463,0.7883577997442566,0.6082239921707298
P8_CCTCCTGA,E7,P8,GSE168106,in_vivo,in_vivo,Han2022,,Early blastocyst (E6-8),3.1574519,3.7478716,0.6692491278824713,0.641274357690202
P8_CCTCTATC,E7,P8,GSE168106,in_vivo,in_vivo,Han2022,,Early blastocyst (E6-8),0.9678271,5.0406227,0.7122528763950344,0.7389673723152165
P8_CGAACTTA,E7,P8,GSE168106,in_vivo,in_vivo,Han2022,,Early blastocyst (E6-8),-0.9715246,6.3190465,0.7033075538818674,0.5042427080159245
P8_CGACACAC,E7,P8,GSE168106,in_vivo,in_vivo,Han2022,,Early blastocyst (E6-8),-1.2925098,6.2160954,0.4213430466572237,0.8514796160450535
P8_CGACTGGA,E7,P8,GSE168106,in_vivo,in_vivo,Han2022,,Early blastocyst (E6-8),3.5766184,4.323876,0.7809183574559377,0.6641608763086948
P8_CGGATTGC,E7,P8,GSE168106,in_vivo,in_vivo,Han2022,,Early blastocyst (E6-8),-1.0886772,6.2169642,0.689768442115664,0.5913309270938234
P8_CTAAGGTC,E7,P8,GSE168106,in_vivo,in_vivo,Han2022,,Early blastocyst (E6-8),1.4068632,5.7462473,0.7363028784408487,0.5659320587297054
P8_CTCAATGA,E7,P8,GSE168106,in_vivo,in_vivo,Han2022,,Early blastocyst (E6-8),5.5655036,7.893558,0.01937356780613748,0.9972791095573863
P8_CTGAGCCA,E7,P8,GSE168106,in_vivo,in_vivo,Han2022,,Early blastocyst (E6-8),5.7100577,8.165209,0.002139688700102825,0.9997770457722281
P8_CTGGCATA,E7,P8,GSE168106,in_vivo,in_vivo,Han2022,,Early blastocyst (E6-8),6.1450524,8.630594,0.0007859815220212878,0.9999256279017856
P8_GAACAGGC,E7,P8,GSE168106,in_vivo,in_vivo,Han2022,,Early blastocyst (E6-8),-0.26934132,5.196249,0.2806431546698216,0.9353215330522122
P8_GACAGTGC,E7,P8,GSE168106,in_vivo,in_vivo,Han2022,,Early blastocyst (E6-8),0.30633146,6.319097,0.7421791514827458,0.5546214006240414
P8_GACTAGTA,E7,P8,GSE168106,in_vivo,in_vivo,Han2022,,Early blastocyst (E6-8),4.0704174,5.442261,0.04285339435111524,0.9935485742000023
P8_GAGTTAGC,E7,P8,GSE168106,in_vivo,in_vivo,Han2022,,Early blastocyst (E6-8),-1.6094263,6.412668,0.3908437296736134,0.8687196912781191
P8_GATGAATC,E7,P8,GSE168106,in_vivo,in_vivo,Han2022,,Early blastocyst (E6-8),-0.8848881,6.2844305,0.6773729302409677,0.6201716909242729
P8_GCCAAGAC,E7,P8,GSE168106,in_vivo,in_vivo,Han2022,,Early blastocyst (E6-8),-1.4268136,6.267293,0.6614371795013269,0.658920205609681
P8_GCCACATA,E7,P8,GSE168106,in_vivo,in_vivo,Han2022,,Early blastocyst (E6-8),-0.78506273,6.1781516,0.3942144121506203,0.8823202800893652
P8_GCGAGTAA,E7,P8,GSE168106,in_vivo,in_vivo,Han2022,,Early blastocyst (E6-8),1.3677304,5.577785,0.6843028664511547,0.6473707608857574
P8_GCTAACGA,E7,P8,GSE168106,in_vivo,in_vivo,Han2022,,Early blastocyst (E6-8),2.6344028,4.559437,0.6660181113996673,0.6373717732701483
P8_GCTCGGTA,E7,P8,GSE168106,in_vivo,in_vivo,Han2022,,Early blastocyst (E6-8),1.8429904,5.2382717,0.6630636570764913,0.6414240427093341
P8_GGAGAACA,E7,P8,GSE168106,in_vivo,in_vivo,Han2022,,Early blastocyst (E6-8),-0.25043246,6.436963,0.6952925831607664,0.535739916646046
P8_GGTGCGAA,E7,P8,GSE168106,in_vivo,in_vivo,Han2022,,Early blastocyst (E6-8),-0.6904559,6.22416,0.6918808744982332,0.615588534122775
P8_GTACGCAA,E7,P8,GSE168106,in_vivo,in_vivo,Han2022,,Early blastocyst (E6-8),1.058535,5.8571596,0.6417658656073849,0.6683960935205155
P8_GTCGTAGA,E7,P8,GSE168106,in_vivo,in_vivo,Han2022,,Early blastocyst (E6-8),0.087587945,5.168766,0.6616591282316664,0.6647698085064755
P8_GTCTGTCA,E7,P8,GSE168106,in_vivo,in_vivo,Han2022,,Early blastocyst (E6-8),0.7630286,5.0883346,0.2516332532506269,0.9414281000988637
P8_GTGTTCTA,E7,P8,GSE168106,in_vivo,in_vivo,Han2022,,Early blastocyst (E6-8),0.54003483,5.0447454,0.6543124150733884,0.7040486658269716
P8_TAGGATGA,E7,P8,GSE168106,in_vivo,in_vivo,Han2022,,Early blastocyst (E6-8),-0.9658849,6.2077823,0.4716257015159494,0.8288536411477687
P8_TATCAGCA,E7,P8,GSE168106,in_vivo,in_vivo,Han2022,,Early blastocyst (E6-8),-0.4032407,5.2238793,0.6115280423695797,0.7021135257914941
P8_TCCGTCTA,E7,P8,GSE168106,in_vivo,in_vivo,Han2022,,Early blastocyst (E6-8),-1.0227064,6.2050185,0.5885720910073182,0.7521323719555342
P8_TCTTCACA,E7,P8,GSE168106,in_vivo,in_vivo,Han2022,,Early blastocyst (E6-8),-0.600782,5.361867,0.42651985586423014,0.8502770582442918
P8_TGAAGAGA,E7,P8,GSE168106,in_vivo,in_vivo,Han2022,,Early blastocyst (E6-8),-0.36043277,5.303591,0.5089159571248592,0.7979801441142073
P8_TGGCTTCA,E7,P8,GSE168106,in_vivo,in_vivo,Han2022,,Early blastocyst (E6-8),5.498362,7.992468,0.0010020753189431844,0.999902964149572
P9_AAACATCG,E7,P9,GSE168106,in_vivo,in_vivo,Han2022,,Early blastocyst (E6-8),1.524533,5.389255,0.7003437176297176,0.6304473394822091
P9_AACCGAGA,E7,P9,GSE168106,in_vivo,in_vivo,Han2022,,Early blastocyst (E6-8),4.0689664,4.222744,0.5046834437351737,0.8444544042886606
P9_AACGTGAT,E7,P9,GSE168106,in_vivo,in_vivo,Han2022,,Early blastocyst (E6-8),-0.20689887,6.295882,0.7272987255418857,0.639910448708075
P9_AAGAGATC,E7,P9,GSE168106,in_vivo,in_vivo,Han2022,,Early blastocyst (E6-8),3.2160828,4.875172,1.0353532860181172,0.4131307755702209
P9_AAGGACAC,E7,P9,GSE168106,in_vivo,in_vivo,Han2022,,Early blastocyst (E6-8),-0.12642974,6.138636,0.45610973493655604,0.8520506795556944
P9_AATGTTGC,E7,P9,GSE168106,in_vivo,in_vivo,Han2022,,Early blastocyst (E6-8),4.327256,3.0850673,0.30921718158069006,0.9132982845984163
P9_ACACGACC,E7,P9,GSE168106,in_vivo,in_vivo,Han2022,,Early blastocyst (E6-8),1.3180691,4.982913,0.9348046468951323,0.6136963073317361
P9_ACAGATTC,E7,P9,GSE168106,in_vivo,in_vivo,Han2022,,Early blastocyst (E6-8),1.04009,4.9774237,0.9225862139808885,0.6094886737674647
P9_ACATTGGC,E7,P9,GSE168106,in_vivo,in_vivo,Han2022,,Early blastocyst (E6-8),0.88854575,5.081967,0.7195550718194631,0.6379777122137199
P9_ACCACTGT,E7,P9,GSE168106,in_vivo,in_vivo,Han2022,,Early blastocyst (E6-8),1.2649051,5.6722407,0.7294948786004741,0.510012837161697
P9_ACCTCCAA,E7,P9,GSE168106,in_vivo,in_vivo,Han2022,,Early blastocyst (E6-8),4.38263,3.4635794,0.9121546780930994,0.6130457887331118
P9_AGATCGCA,E7,P9,GSE168106,in_vivo,in_vivo,Han2022,,Early blastocyst (E6-8),-1.5251318,6.3457303,0.004725340313697034,0.9994658049751162
P9_AGATGTAC,E7,P9,GSE168106,in_vivo,in_vivo,Han2022,,Early blastocyst (E6-8),-1.1088327,6.0636683,0.5357515878069787,0.8356519397916915
P9_AGCACCTC,E7,P9,GSE168106,in_vivo,in_vivo,Han2022,,Early blastocyst (E6-8),-0.9715902,6.2019444,0.16887730483833202,0.962038709063957
P9_AGCAGGAA,E7,P9,GSE168106,in_vivo,in_vivo,Han2022,,Early blastocyst (E6-8),-0.51484513,5.350538,0.7436169748662413,0.6014639144735988
P9_AGCCATGC,E7,P9,GSE168106,in_vivo,in_vivo,Han2022,,Early blastocyst (E6-8),1.0430112,4.9897346,0.9301578098632033,0.615131547937423
P9_AGGCTAAC,E7,P9,GSE168106,in_vivo,in_vivo,Han2022,,Early blastocyst (E6-8),0.71055394,5.00266,0.9981902526653965,0.44337804705748995
P9_AGTCACTA,E7,P9,GSE168106,in_vivo,in_vivo,Han2022,,Early blastocyst (E6-8),0.9395444,5.9807444,0.8804544190581758,0.6451264852390567
P9_AGTGGTCA,E7,P9,GSE168106,in_vivo,in_vivo,Han2022,,Early blastocyst (E6-8),-0.66172326,6.379864,0.5803752468876626,0.7957804810728153
P9_ATAGCGAC,E7,P9,GSE168106,in_vivo,in_vivo,Han2022,,Early blastocyst (E6-8),-0.5499715,6.197937,1.0972345691069916,0.35781783060461353
P9_ATCATTCC,E7,P9,GSE168106,in_vivo,in_vivo,Han2022,,Early blastocyst (E6-8),0.76186913,5.001654,0.77060522282416,0.6571540001072688
P9_ATCCTGTA,E7,P9,GSE168106,in_vivo,in_vivo,Han2022,,Early blastocyst (E6-8),2.884962,4.61001,1.006338007658021,0.4721030024281422
P9_ATGCCTAA,E7,P9,GSE168106,in_vivo,in_vivo,Han2022,,Early blastocyst (E6-8),1.4842532,5.4413385,0.7010334958658593,0.6388802444817081
P9_ATTGAGGA,E7,P9,GSE168106,in_vivo,in_vivo,Han2022,,Early blastocyst (E6-8),-0.66449034,5.4352956,0.7169872126816879,0.7462383310640606
P9_CAACCACA,E7,P9,GSE168106,in_vivo,in_vivo,Han2022,,Early blastocyst (E6-8),-0.28922603,5.224347,0.4082226083540408,0.8620026507052286
P9_CAAGACTA,E7,P9,GSE168106,in_vivo,in_vivo,Han2022,,Early blastocyst (E6-8),3.2482703,3.6383257,0.6356771515328612,0.6953685076248975
P9_CAAGGAGC,E7,P9,GSE168106,in_vivo,in_vivo,Han2022,,Early blastocyst (E6-8),-0.13908751,5.2131414,0.21910868793881702,0.9467651100408996
P9_CAATGGAA,E7,P9,GSE168106,in_vivo,in_vivo,Han2022,,Early blastocyst (E6-8),3.6863608,4.913014,1.0172920505826748,0.5256239534125107
P9_CACCTTAC,E7,P9,GSE168106,in_vivo,in_vivo,Han2022,,Early blastocyst (E6-8),-1.2654829,6.0215974,0.4533002256632942,0.8632488588863563
P9_CACTTCGA,E7,P9,GSE168106,in_vivo,in_vivo,Han2022,,Early blastocyst (E6-8),0.08209403,6.267992,0.6460170036473958,0.7274065369523366
P9_CAGATCTG,E7,P9,GSE168106,in_vivo,in_vivo,Han2022,,Early blastocyst (E6-8),2.7651281,4.741464,0.6552142616240086,0.6764916453642477
P9_CAGCGTTA,E7,P9,GSE168106,in_vivo,in_vivo,Han2022,,Early blastocyst (E6-8),3.4366171,3.2909362,0.6629989268714406,0.6358596919162646
P9_CATACCAA,E7,P9,GSE168106,in_vivo,in_vivo,Han2022,,Early blastocyst (E6-8),1.4526129,4.9476266,0.7040765842332776,0.5640485348618586
P9_CATCAAGT,E7,P9,GSE168106,in_vivo,in_vivo,Han2022,,Early blastocyst (E6-8),1.638554,5.3449354,0.7181399784532057,0.5178394032337058
P9_CCAGTTCA,E7,P9,GSE168106,in_vivo,in_vivo,Han2022,,Early blastocyst (E6-8),1.3408912,4.9356847,1.02982069386852,0.5097785832722256
P9_CCATCCTC,E7,P9,GSE168106,in_vivo,in_vivo,Han2022,,Early blastocyst (E6-8),2.4113734,4.9230285,0.8414421144181647,0.5447473355484077
P9_CCGAAGTA,E7,P9,GSE168106,in_vivo,in_vivo,Han2022,,Early blastocyst (E6-8),3.550948,5.0202117,0.8077212303524118,0.5169762462818686
P9_CCGACAAC,E7,P9,GSE168106,in_vivo,in_vivo,Han2022,,Early blastocyst (E6-8),-0.73470265,5.4390054,0.7120168103100646,0.5374434958559482
P9_CCGTGAGA,E7,P9,GSE168106,in_vivo,in_vivo,Han2022,,Early blastocyst (E6-8),-1.3453147,6.016118,0.23573583869310183,0.9459771423322266
P9_CCTAATCC,E7,P9,GSE168106,in_vivo,in_vivo,Han2022,,Early blastocyst (E6-8),-1.0231875,6.096865,0.6780782568838923,0.7787887211976412
P9_CCTCCTGA,E7,P9,GSE168106,in_vivo,in_vivo,Han2022,,Early blastocyst (E6-8),4.2786922,2.7158504,0.41271769137769754,0.8592919763489104
P9_CCTCTATC,E7,P9,GSE168106,in_vivo,in_vivo,Han2022,,Early blastocyst (E6-8),1.0641401,4.9851456,0.6968095085070956,0.6730186080215923
P9_CGAACTTA,E7,P9,GSE168106,in_vivo,in_vivo,Han2022,,Early blastocyst (E6-8),3.6944575,4.755827,0.7987167799167909,0.5984839116743746
P9_CTCAATGA,E7,P9,GSE168106,in_vivo,in_vivo,Han2022,,Early blastocyst (E6-8),4.2923393,3.9024508,1.0805861717168814,0.419629260363827
P9_GATAGACA,E7,P9,GSE168106,in_vivo,in_vivo,Han2022,,Early blastocyst (E6-8),0.6340999,5.061391,0.6061003537015213,0.755410206290966
P9_GCCACATA,E7,P9,GSE168106,in_vivo,in_vivo,Han2022,,Early blastocyst (E6-8),0.11107841,6.3017197,0.8255984383509203,0.4930362128413303
P9_GCTCGGTA,E7,P9,GSE168106,in_vivo,in_vivo,Han2022,,Early blastocyst (E6-8),1.2199938,5.6376867,0.5948371523509952,0.7280027435196738
P9_GGAGAACA,E7,P9,GSE168106,in_vivo,in_vivo,Han2022,,Early blastocyst (E6-8),-0.85713077,6.238505,0.8472621700983487,0.6657493282115833
P9_GGTGCGAA,E7,P9,GSE168106,in_vivo,in_vivo,Han2022,,Early blastocyst (E6-8),1.212836,5.0650363,0.644831445143145,0.6964664927054014
P9_GTACGCAA,E7,P9,GSE168106,in_vivo,in_vivo,Han2022,,Early blastocyst (E6-8),1.4459535,5.4471025,0.6931129111945328,0.5439569851964806
P9_GTCGTAGA,E7,P9,GSE168106,in_vivo,in_vivo,Han2022,,Early blastocyst (E6-8),-1.1992662,6.064862,0.3126712560447505,0.9064441499248412
P9_GTCTGTCA,E7,P9,GSE168106,in_vivo,in_vivo,Han2022,,Early blastocyst (E6-8),-1.45691,6.2420764,0.05679077897048906,0.990124971975102
P9_GTGTTCTA,E7,P9,GSE168106,in_vivo,in_vivo,Han2022,,Early blastocyst (E6-8),1.2966934,5.124765,0.8303418315383867,0.5594962093590917
P9_TAGGATGA,E7,P9,GSE168106,in_vivo,in_vivo,Han2022,,Early blastocyst (E6-8),2.4793723,4.930252,0.6623912493312409,0.7853883767214369
P9_TATCAGCA,E7,P9,GSE168106,in_vivo,in_vivo,Han2022,,Early blastocyst (E6-8),2.2672884,5.098796,0.910864083563883,0.49368638206782506
P9_TCCGTCTA,E7,P9,GSE168106,in_vivo,in_vivo,Han2022,,Early blastocyst (E6-8),-0.29722446,6.270142,0.6233340871323193,0.7763319917685141
P9_TGAAGAGA,E7,P9,GSE168106,in_vivo,in_vivo,Han2022,,Early blastocyst (E6-8),-1.4824737,6.1862245,0.708607598275037,0.5993796724657968
P9_TGGAACAA,E7,P9,GSE168106,in_vivo,in_vivo,Han2022,,Early blastocyst (E6-8),4.261912,5.7650094,0.00018177627795017885,0.9999856741453368
P9_TGGCTTCA,E7,P9,GSE168106,in_vivo,in_vivo,Han2022,,Early blastocyst (E6-8),4.4188604,6.406204,4.04257930333947e-06,0.999999760611091
P9_TTCACGCA,E7,P9,GSE168106,in_vivo,in_vivo,Han2022,,Early blastocyst (E6-8),-0.4788269,5.2480717,0.31299829170722315,0.9100307694953909
