gene,mean_abs_shap
ACOT9,0.25639838
HYLS1,0.1360484
PHAX,0.116121665
FST,0.09785058
PCMTD1,0.094615474
LGALSL,0.09457867
ZZZ3,0.093605414
THOP1,0.084371045
STEAP2,0.08278121
COG6,0.06485928
KCTD20,0.060990233
POLR3F,0.059326094
TUSC3,0.055227995
GABPB1,0.04793111
GDAP2,0.046434246
TTYH2,0.039759245
TMEM216,0.038715564
CAMK2G,0.036986187
ATP6V1C1,0.036560304
RNF20,0.036479663
FXYD6,0.034518283
ELP4,0.033308893
ANXA2,0.031576633
EFTUD2,0.025955146
ATG3,0.025154471
SLC35A1,0.0247146
TMEM59L,0.02355506
KATNBL1,0.02272233
CLDN7,0.02221341
MOV10,0.021364845
AGA,0.017884374
HAT1,0.016460678
CDH2,0.01582721
APBB2,0.015687315
NECAP2,0.015611006
WDR74,0.015467723
HABP2,0.014527202
ABRACL,0.013457063
ARID4A,0.012981854
NUP160,0.012510175
GPAM,0.011628011
MAPK8IP3,0.011354095
LAPTM4B,0.011170246
PGLS,0.011032999
MARVELD2,0.009168783
SLC27A4,0.008806434
CDK7,0.008595306
ALDH9A1,0.008118656
SDHD,0.0076923496
COBLL1,0.0066957287
KPNA3,0.0066433237
ADPGK,0.006224478
MRPS31,0.0062211314
PGGT1B,0.0058140117
ABCD3,0.005786507
AKT3,0.005342535
ATXN3,0.0053028725
CCDC90B,0.0042460775
ACO1,0.004216827
BMPER,0.0042005386
CLPTM1,0.0041827927
ATF7IP2,0.003899182
ACAA2,0.0038620457
KDM5B,0.0038418777
ERBB3,0.0037236486
PARN,0.0036698743
PDZK1,0.0036676936
ACSF2,0.003653583
CTSL,0.0035312823
LNX1,0.0031664378
POLR3G,0.0025706692
APOE,0.0025176737
GATA2,0.002517181
CDC42EP3,0.0024933696
BOD1L1,0.0024564876
AASDHPPT,0.0024459087
HAX1,0.0024323384
BROX,0.0024313426
AAGAB,0.0024178312
ABCB8,0.0023117198
APC,0.0022629597
AKAP8L,0.0022359057
IDE,0.0022213773
CSTF2,0.0022171156
FBXO44,0.002178491
GOLT1B,0.0021678812
MCPH1,0.002166362
MACF1,0.002164006
ANXA1,0.0021405383
HSPA5,0.0021393762
MME,0.0021300064
SCPEP1,0.0021158874
STK38,0.002098325
ARIH2,0.0020831767
ABCF2,0.002079846
NOCT,0.002074988
GALK1,0.0020688768
ABHD17B,0.0020310986
USP8,0.0020192137
ARFGEF1,0.0020113797
DYNLL2,0.0020092991
MAPT,0.0020022434
ATF6,0.0019844281
NAA25,0.001967359
ARPC1B,0.0019491578
ARFIP1,0.0019450983
MYSM1,0.001941268
SNAP47,0.0019390658
ITGA2,0.0019257696
CLUH,0.0019027712
LGALS3,0.0019027063
ZNF396,0.0019020487
ACTB,0.0018905487
METAP1,0.001886487
ARL4D,0.0018840857
RAB9A,0.0018668246
ATP6AP2,0.0018506882
ADAM9,0.0018340204
CMSS1,0.0018296182
UNC50,0.0018248981
TUBGCP2,0.0018155003
DHX15,0.001804339
AASS,0.0017895687
CRLF3,0.0017581859
TARS2,0.0017364605
NID2,0.0017348416
ANGEL2,0.0017233599
RTN4IP1,0.0017231877
CRYM,0.0017199658
B4GALT3,0.0017027559
ACAD9,0.0017023913
TMEM70,0.0016777873
AFF4,0.0016579486
SMPDL3A,0.0016294265
ASH1L,0.0016197835
FBXO10,0.00161311
ASTN1,0.0015794098
DRAM2,0.0015701884
CDC6,0.0015404704
GALNT1,0.0015346368
CACNA2D1,0.0015307745
DEGS1,0.001521242
RNF139,0.0014957729
CENPK,0.0014345311
ABCE1,0.0014326663
NUP98,0.0014268409
INTS9,0.0014037278
DNAL4,0.0013849938
FZD5,0.0013779486
ABHD4,0.001348464
ADGRL2,0.001314078
ASCC1,0.0012977013
APOO,0.001237452
ABCC5,0.001228532
COG2,0.0012045044
AGO2,0.0011072181
CDCA5,0.0010525535
CASTOR1,0.0010304049
ABCC2,0.0
ABCF3,0.0
ABHD13,0.0
ABHD17C,0.0
ZNF24,0.0
ZNF277,0.0
ZNF283,0.0
ZNF322,0.0
ZFYVE1,0.0
AQP11,0.0
APRT,0.0
APPL2,0.0
APPBP2,0.0
APP,0.0
ZP2,0.0
ZNF79,0.0
ZNF7,0.0
ZNF667,0.0
ZNF644,0.0
ZNF622,0.0
ZNF567,0.0
ZNF566,0.0
ZNF518A,0.0
ZC3H14,0.0
ARL15,0.0
ARID1A,0.0
ARHGEF26,0.0
ARHGAP42,0.0
ARHGAP35,0.0
ARHGAP29,0.0
ARHGAP21,0.0
ARHGAP18,0.0
ARHGAP12,0.0
ARHGAP11A,0.0
ARHGAP10,0.0
ARHGAP1,0.0
ARG2,0.0
ARFGAP3,0.0
ARFGAP2,0.0
ARCN1,0.0
ASH2L,0.0
ASF1B,0.0
ASF1A,0.0
ASB11,0.0
ASAP1,0.0
ASAH1,0.0
ARV1,0.0
ARRDC4,0.0
ARRDC3,0.0
ARPC5,0.0
ARMT1,0.0
ARMC10,0.0
ARMC1,0.0
ARL6IP6,0.0
ARL2BP,0.0
ATL3,0.0
ATL2,0.0
ATG7,0.0
ATG4A,0.0
ATG14,0.0
ATF7IP,0.0
ATF3,0.0
ATAD2,0.0
ASZ1,0.0
ASXL1,0.0
ASS1,0.0
ASRGL1,0.0
ASPM,0.0
ASPH,0.0
ASNSD1,0.0
ASNS,0.0
AP1G2,0.0
AP1G1,0.0
ATP6V1A,0.0
ATP6V0D2,0.0
ATP6V0D1,0.0
ATP6V0A4,0.0
ATP6V0A2,0.0
ATP6V0A1,0.0
ATP2C1,0.0
ATP2B1,0.0
ATP23,0.0
ATP1B1,0.0
ATP13A3,0.0
ATP11C,0.0
ATP10D,0.0
ATM,0.0
ATRN,0.0
ATR,0.0
ATP8A1,0.0
ATP6V1H,0.0
ATP6V1C2,0.0
APLF,0.0
APIP,0.0
API5,0.0
APEH,0.0
APBB3,0.0
APAF1,0.0
AP5M1,0.0
AP3S2,0.0
AP3M1,0.0
AP3B1,0.0
BAIAP2L1,0.0
BAG3,0.0
BAD,0.0
BACH1,0.0
B4GALT5,0.0
B3GNT4,0.0
B3GNT3,0.0
B3GALNT1,0.0
B2M,0.0
AZIN1,0.0
AZI2,0.0
AVL9,0.0
AURKB,0.0
AUP1,0.0
AUH,0.0
ATXN2,0.0
BDH2,0.0
BCKDK,0.0
BCKDHB,0.0
BCAT2,0.0
BCAT1,0.0
BCAS4,0.0
BCAS3,0.0
BCAP31,0.0
BCAP29,0.0
BBX,0.0
BBS7,0.0
BAZ2B,0.0
BAZ1B,0.0
BAZ1A,0.0
BARD1,0.0
BAMBI,0.0
BPNT1,0.0
BORA,0.0
BOLA1,0.0
BNIP3L,0.0
BNIP3,0.0
BMPR2,0.0
BMP4,0.0
BMP15,0.0
BLZF1,0.0
BLVRB,0.0
BLOC1S2,0.0
BIRC6,0.0
BID,0.0
BICC1,0.0
BEX3,0.0
BECN1,0.0
BUD23,0.0
BUD13,0.0
BUB3,0.0
BUB1B,0.0
BUB1,0.0
BTRC,0.0
BTG4,0.0
BTG3,0.0
BTBD7,0.0
BTBD3,0.0
BTAF1,0.0
BRMS1L,0.0
BRIX1,0.0
BRDT,0.0
BRD8,0.0
BRCA1,0.0
CAPZA1,0.0
CAPRIN2,0.0
CAPRIN1,0.0
CAPG,0.0
CAND1,0.0
CAMK2D,0.0
CALU,0.0
CALD1,0.0
CALCOCO2,0.0
CACHD1,0.0
CAB39L,0.0
CAB39,0.0
CA2,0.0
C9orf72,0.0
C1GALT1C1,0.0
CCDC15,0.0
CBX2,0.0
CBR4,0.0
CBLL1,0.0
CBLB,0.0
CBL,0.0
CBFA2T2,0.0
CAT,0.0
CAST,0.0
CASP8AP2,0.0
CASD1,0.0
CASC3,0.0
CARNMT1,0.0
CARMIL1,0.0
CARD19,0.0
CCDC88A,0.0
CCDC86,0.0
CCDC85A,0.0
CCDC81,0.0
CCDC73,0.0
CCDC68,0.0
CCDC66,0.0
CCDC6,0.0
CCDC51,0.0
CCDC47,0.0
CCDC38,0.0
CCDC28A,0.0
CCDC186,0.0
CCDC181,0.0
CCDC18,0.0
CCDC150,0.0
CD9,0.0
CD47,0.0
CD151,0.0
CCT7,0.0
CCT4,0.0
CCSER2,0.0
CCSER1,0.0
CCP110,0.0
CCNK,0.0
CCNJ,0.0
CCNG1,0.0
CCNB3,0.0
CCNB2,0.0
CCNB1IP1,0.0
CCNB1,0.0
CCDC93,0.0
CDCP1,0.0
CDCA7L,0.0
CDCA7,0.0
CDCA2,0.0
CDC7,0.0
CDC45,0.0
CDC42EP1,0.0
CDC42BPA,0.0
CDC40,0.0
CDC37L1,0.0
CDC27,0.0
CDC20,0.0
CDC123,0.0
CDA,0.0
CENPT,0.0
CENPQ,0.0
CENPI,0.0
CENPC,0.0
CECR2,0.0
CEBPG,0.0
CDX4,0.0
CDV3,0.0
CDS2,0.0
CDKN3,0.0
CDKN2AIP,0.0
CDKL5,0.0
CDKAL1,0.0
CDK5,0.0
CDK10,0.0
CERS4,0.0
CEPT1,0.0
CEP89,0.0
CEP85L,0.0
CEP83,0.0
CEP78,0.0
CEP63,0.0
CEP55,0.0
CEP290,0.0
CEP170,0.0
CEP164,0.0
CEP162,0.0
CEP152,0.0
CEP128,0.0
CEP120,0.0
CENPU,0.0
CHPT1,0.0
CHODL,0.0
CHL1,0.0
CHID1,0.0
CHD8,0.0
CHD6,0.0
CHD1L,0.0
CHCHD4,0.0
CHCHD3,0.0
CHAF1B,0.0
CHAF1A,0.0
CGN,0.0
CFLAR,0.0
CFL2,0.0
CFAP97,0.0
CETN3,0.0
CLDN8,0.0
CLDN6,0.0
CLDN4,0.0
CLCN5,0.0
CLCC1,0.0
CKAP2L,0.0
CKAP2,0.0
CIZ1,0.0
CITED2,0.0
CIAPIN1,0.0
CIAO1,0.0
CHURC1,0.0
CHUK,0.0
CHTOP,0.0
CHSY1,0.0
CHST10,0.0
ANKRD28,0.0
ANKRD27,0.0
ANKRD17,0.0
ANKRD13C,0.0
CMTM8,0.0
CLU,0.0
CLPX,0.0
CLOCK,0.0
CLN6,0.0
CLK4,0.0
CLK3,0.0
CLK1,0.0
CLIP1,0.0
CLIC6,0.0
CLDND2,0.0
CLDND1,0.0
CNOT6L,0.0
CNOT4,0.0
CNOT2,0.0
CNOT11,0.0
CNNM2,0.0
CNDP2,0.0
ANXA7,0.0
ANXA6,0.0
ANXA5,0.0
ANXA4,0.0
ANXA11,0.0
ANO6,0.0
ANLN,0.0
ANKS4B,0.0
ANKRD49,0.0
ANKRD46,0.0
COPA,0.0
COMMD9,0.0
COMMD4,0.0
COMMD3,0.0
COMMD2,0.0
COMMD10,0.0
COMMD1,0.0
COL4A2,0.0
COG3,0.0
COA4,0.0
CNPY3,0.0
CNP,0.0
CNOT9,0.0
CNOT8,0.0
CNOT7,0.0
CRABP2,0.0
CPT1A,0.0
CPSF3,0.0
CPPED1,0.0
CPEB4,0.0
CPD,0.0
COX15,0.0
CORO1C,0.0
CORO1B,0.0
COQ9,0.0
COQ6,0.0
COQ5,0.0
COQ10B,0.0
COPS5,0.0
COPG2,0.0
COPG1,0.0
CSRNP1,0.0
CSPP1,0.0
CSNK2A1,0.0
CSNK1G3,0.0
CSE1L,0.0
CSDE1,0.0
CRYZ,0.0
CROT,0.0
CRKL,0.0
CREM,0.0
CRELD2,0.0
CREG1,0.0
CREBBP,0.0
CREB3,0.0
CRAT,0.0
CRADD,0.0
CUTC,0.0
CUL9,0.0
CUL4B,0.0
CUL3,0.0
CUL2,0.0
CUL1,0.0
CTTNBP2NL,0.0
CTSC,0.0
CTSB,0.0
CTR9,0.0
CTNND1,0.0
CTNNB1,0.0
CTH,0.0
CTBS,0.0
CTBP2,0.0
CSTF1,0.0
DCAF7,0.0
DCAF6,0.0
DCAF13,0.0
DCAF11,0.0
DCAF1,0.0
DBNL,0.0
DAB2,0.0
DAAM1,0.0
CYP51A1,0.0
CYP26A1,0.0
CYBRD1,0.0
CYB5A,0.0
CYB561,0.0
CXCL14,0.0
CWC22,0.0
CUX2,0.0
DDRGK1,0.0
DDOST,0.0
DDIAS,0.0
DDHD1,0.0
DCUN1D5,0.0
DCUN1D4,0.0
DCTN3,0.0
DCTN2,0.0
DCTN1,0.0
DCTD,0.0
DCPS,0.0
DCP2,0.0
DCP1A,0.0
DCLRE1A,0.0
DCBLD2,0.0
DCBLD1,0.0
DERA,0.0
DENND4C,0.0
DENND2C,0.0
DEGS2,0.0
DEDD,0.0
DDX6,0.0
DDX59,0.0
DDX56,0.0
DDX50,0.0
DDX49,0.0
DDX43,0.0
DDX3X,0.0
DDX28,0.0
DDX23,0.0
DDX20,0.0
DLG2,0.0
DLD,0.0
DLC1,0.0
DLAT,0.0
DIS3L,0.0
DIRAS3,0.0
DHX8,0.0
DHX57,0.0
DHX40,0.0
DHX36,0.0
DHX32,0.0
DHRS3,0.0
DGUOK,0.0
DGCR8,0.0
DEUP1,0.0
DET1,0.0
DNAJC3,0.0
DNAJC21,0.0
DNAJC13,0.0
DNAJC10,0.0
DNAJC1,0.0
DNAJB9,0.0
DNAJB4,0.0
DNAJB14,0.0
DNAJB1,0.0
DNAJA3,0.0
DNAH11,0.0
DMXL1,0.0
DMD,0.0
DLST,0.0
DLGAP5,0.0
DLG5,0.0
DPY19L4,0.0
DPPA5,0.0
DPF2,0.0
DPEP1,0.0
DPCD,0.0
DPAGT1,0.0
DOHH,0.0
DOCK7,0.0
DNTTIP2,0.0
DNPEP,0.0
DNMT3B,0.0
DNMT3A,0.0
DNMT1,0.0
DND1,0.0
DNAJC9,0.0
E2F5,0.0
DZIP3,0.0
DYRK3,0.0
DYRK1A,0.0
DYNC1LI1,0.0
DUSP14,0.0
DUSP12,0.0
DUSP1,0.0
DUS4L,0.0
DTWD1,0.0
DTL,0.0
DST,0.0
DSN1,0.0
DSG2,0.0
DR1,0.0
DPYSL2,0.0
EGLN3,0.0
EGFLAM,0.0
EFNA1,0.0
EFL1,0.0
EEF1G,0.0
EED,0.0
EDRF1,0.0
EDEM2,0.0
EDC4,0.0
EDC3,0.0
ECSIT,0.0
ECI2,0.0
ECHDC2,0.0
ECD,0.0
EBPL,0.0
E2F8,0.0
ELF1,0.0
EIPR1,0.0
EIF4G3,0.0
EIF4G2,0.0
EIF4G1,0.0
EIF4ENIF1,0.0
EIF4E,0.0
EIF3G,0.0
EIF3A,0.0
EIF2B5,0.0
EIF2B3,0.0
EIF2B2,0.0
EIF2AK2,0.0
EIF2AK1,0.0
EHBP1,0.0
EGR1,0.0
EPB41L2,0.0
EPAS1,0.0
EP300,0.0
ENTPD5,0.0
ENC1,0.0
EML5,0.0
EML4,0.0
EMG1,0.0
EME1,0.0
EMC7,0.0
EMC3,0.0
EMC2,0.0
ELP6,0.0
ELP2,0.0
ELOA,0.0
ELL2,0.0
ERP29,0.0
ERLEC1,0.0
ERGIC2,0.0
ERCC8,0.0
ERCC6L,0.0
ERC2,0.0
ERC1,0.0
ERBIN,0.0
ERBB2,0.0
ERAL1,0.0
EPS15L1,0.0
EPS15,0.0
EPHX2,0.0
EPHX1,0.0
EPC1,0.0
EPB41L4A,0.0
EXOC5,0.0
EXO5,0.0
EXO1,0.0
EWSR1,0.0
ETV1,0.0
ETNPPL,0.0
ETFA,0.0
ETF1,0.0
ETAA1,0.0
ESYT1,0.0
ESRRG,0.0
ESRRA,0.0
ESRP1,0.0
ESPL1,0.0
ESCO2,0.0
ESCO1,0.0
FAM114A1,0.0
FAF2,0.0
FADS1,0.0
FABP5,0.0
F3,0.0
F2RL1,0.0
F11R,0.0
EZH2,0.0
EYA3,0.0
EXTL3,0.0
EXT1,0.0
EXOSC7,0.0
EXOSC4,0.0
EXOSC2,0.0
EXOSC10,0.0
EXOC7,0.0
FAM83D,0.0
FAM76A,0.0
FAM3C,0.0
FAM219B,0.0
FAM216A,0.0
FAM171B,0.0
FAM169A,0.0
FAM161A,0.0
FAM151B,0.0
FAM13C,0.0
FAM135A,0.0
FAM120B,0.0
FAM120A,0.0
FAM118B,0.0
FAM117B,0.0
FAM114A2,0.0
FBLIM1,0.0
FAT1,0.0
FASTKD3,0.0
FASTKD2,0.0
FASTKD1,0.0
FASN,0.0
FARSA,0.0
FARP1,0.0
FAR2,0.0
FAR1,0.0
FANCM,0.0
FANCL,0.0
FANCD2,0.0
FANCB,0.0
FAN1,0.0
FAM91A1,0.0
FCGRT,0.0
FBXO9,0.0
FBXO8,0.0
FBXO7,0.0
FBXO5,0.0
FBXO42,0.0
FBXO4,0.0
FBXO34,0.0
FBXO30,0.0
FBXO3,0.0
FBXO21,0.0
FBXO15,0.0
FBXL5,0.0
FBXL20,0.0
FBLN2,0.0
FBLN1,0.0
FIBP,0.0
FHL1,0.0
FGFR1OP2,0.0
FGF19,0.0
FFAR4,0.0
FEZ2,0.0
FETUB,0.0
FES,0.0
FERMT3,0.0
FERMT2,0.0
FEM1C,0.0
FECH,0.0
FDXR,0.0
FDPS,0.0
FDFT1,0.0
FCHO2,0.0
FNDC3B,0.0
FNDC3A,0.0
FNBP1L,0.0
FN1,0.0
FMR1,0.0
FMNL2,0.0
FLOT1,0.0
FLNC,0.0
FLNB,0.0
FKBP9,0.0
FKBP7,0.0
FKBP6,0.0
FKBP5,0.0
FKBP4,0.0
FKBP15,0.0
FKBP10,0.0
ALG3,0.0
ALG2,0.0
ALG13,0.0
ALDOC,0.0
FRS2,0.0
FRMD6,0.0
FRMD4B,0.0
FRA10AC1,0.0
FOXR1,0.0
FOXP1,0.0
FOXO1,0.0
FOXN3,0.0
FOXN2,0.0
FOS,0.0
FOLH1B,0.0
FNIP1,0.0
FXR2,0.0
FUNDC1,0.0
FUCA1,0.0
FTL,0.0
FSCN1,0.0
FRYL,0.0
ANKRD12,0.0
ANKMY2,0.0
ANKFY1,0.0
ANAPC7,0.0
ANAPC5,0.0
ANAPC1,0.0
AMZ2,0.0
AMOT,0.0
ALG8,0.0
ALG6,0.0
GALNT3,0.0
GALNT11,0.0
GALM,0.0
GALK2,0.0
GALE,0.0
GALC,0.0
GADD45B,0.0
GABARAPL2,0.0
GAB1,0.0
G3BP2,0.0
G2E3,0.0
FZR1,0.0
FZD3,0.0
FYTTD1,0.0
GCLC,0.0
GCK,0.0
GCA,0.0
GBF1,0.0
GBE1,0.0
GBA2,0.0
GATAD2B,0.0
GATA6,0.0
GATA4,0.0
GATA3,0.0
GART,0.0
GAPVD1,0.0
GANAB,0.0
GAMT,0.0
GALT,0.0
GALNT7,0.0
GJB1,0.0
GJA1,0.0
GIN1,0.0
GHITM,0.0
GGNBP2,0.0
GFPT1,0.0
GFM2,0.0
GEMIN8,0.0
GEMIN6,0.0
GEMIN5,0.0
GDPD5,0.0
GDF9,0.0
GDF3,0.0
GDE1,0.0
GCNT1,0.0
GCN1,0.0
GNB5,0.0
GNAI1,0.0
GMPR2,0.0
GM2A,0.0
GLUD1,0.0
GLRX5,0.0
GLRX3,0.0
GLMP,0.0
GLIPR1,0.0
GLG1,0.0
GLE1,0.0
GLDC,0.0
GLCE,0.0
GKAP1,0.0
GJC1,0.0
GJB5,0.0
GPALPP1,0.0
GOT1,0.0
GOSR1,0.0
GORASP2,0.0
GOPC,0.0
GOLIM4,0.0
GOLGA5,0.0
GOLGA3,0.0
GOLGA1,0.0
GNS,0.0
GNPTAB,0.0
GNPDA2,0.0
GNPAT,0.0
GNL3L,0.0
GNL1,0.0
GNG2,0.0
GSK3B,0.0
GRWD1,0.0
GRSF1,0.0
GRIP1,0.0
GRHPR,0.0
GREB1L,0.0
GPX8,0.0
GPX6,0.0
GPT2,0.0
GPN3,0.0
GPN1,0.0
GPD2,0.0
GPD1L,0.0
GPCPD1,0.0
GPC4,0.0
GPANK1,0.0
GYG1,0.0
GUSB,0.0
GUF1,0.0
GTSF1,0.0
GTF3C6,0.0
GTF3C1,0.0
GTF2I,0.0
GTF2H3,0.0
GTF2H1,0.0
GTF2B,0.0
GTF2A1,0.0
GSTO1,0.0
GSTM3,0.0
GSTA4,0.0
GSS,0.0
GSR,0.0
HELLS,0.0
HELB,0.0
HEATR5B,0.0
HEATR1,0.0
HDAC5,0.0
HDAC3,0.0
HDAC2,0.0
HCCS,0.0
HBS1L,0.0
HBEGF,0.0
HAUS1,0.0
HAPLN1,0.0
HAGH,0.0
HADHB,0.0
HADH,0.0
HACD3,0.0
HLCS,0.0
HK1,0.0
HIPK3,0.0
HIPK1,0.0
HIF1A,0.0
HIBCH,0.0
HIBADH,0.0
HHIP,0.0
HEY2,0.0
HEY1,0.0
HEXB,0.0
HERPUD2,0.0
HERC3,0.0
HERC1,0.0
HENMT1,0.0
HELZ,0.0
HSD17B12,0.0
HSD11B1L,0.0
HP1BP3,0.0
HOOK1,0.0
HNRNPK,0.0
HNF1B,0.0
HMOX2,0.0
HMMR,0.0
HMGN3,0.0
HMGCS1,0.0
HMGCR,0.0
HMGCL,0.0
HMG20A,0.0
HMCES,0.0
HMBOX1,0.0
HLTF,0.0
HYOU1,0.0
HYI,0.0
HYAL2,0.0
HUWE1,0.0
HTATIP2,0.0
HSPH1,0.0
HSPD1,0.0
HSPB8,0.0
HSPA4L,0.0
HSPA4,0.0
HSPA14,0.0
HSPA13,0.0
HSPA12B,0.0
HSF2,0.0
HSDL2,0.0
HSD17B7,0.0
IMP4,0.0
IL6ST,0.0
IL6R,0.0
IL13RA1,0.0
IGFBP7,0.0
IFT81,0.0
IFT74,0.0
IFT57,0.0
IFT46,0.0
IFT172,0.0
IFRD1,0.0
IFIT5,0.0
IFI30,0.0
ID2,0.0
ICE2,0.0
IBTK,0.0
INTS8,0.0
INTS6,0.0
INTS2,0.0
INTS14,0.0
INTS13,0.0
INTS12,0.0
INTS11,0.0
INTS10,0.0
INSIG1,0.0
INPP1,0.0
INO80D,0.0
INO80,0.0
INIP,0.0
ING3,0.0
IMPDH1,0.0
AHSA1,0.0
AHI1,0.0
AHCTF1,0.0
AGTRAP,0.0
ISOC1,0.0
ISL1,0.0
ISG20L2,0.0
IRF6,0.0
IRAK4,0.0
IQGAP3,0.0
IQGAP2,0.0
IQGAP1,0.0
IQCB1,0.0
IPPK,0.0
IPO8,0.0
IPO5,0.0
ITGB1,0.0
ITGAV,0.0
ITGA9,0.0
ITGA6,0.0
ITGA5,0.0
ITGA4,0.0
ALDH7A1,0.0
ALDH4A1,0.0
ALDH3A2,0.0
ALDH2,0.0
ALDH18A1,0.0
ALAS1,0.0
AKR7A2,0.0
AKIRIN2,0.0
AKIRIN1,0.0
AIDA,0.0
KANSL2,0.0
KANK1,0.0
JUP,0.0
JPH1,0.0
JMJD1C,0.0
JARID2,0.0
JAK1,0.0
JAG1,0.0
JADE3,0.0
JADE1,0.0
IVNS1ABP,0.0
ITPK1,0.0
ITM2C,0.0
ITM2B,0.0
ITM2A,0.0
ITGB1BP1,0.0
KIF15,0.0
KIF13B,0.0
KDM6A,0.0
KDM5A,0.0
KDM3A,0.0
KDM1A,0.0
KDF1,0.0
KCTD9,0.0
KCNK1,0.0
KCMF1,0.0
KBTBD4,0.0
KBTBD2,0.0
KAT7,0.0
KAT6B,0.0
KAT6A,0.0
KAT5,0.0
KLHDC3,0.0
KLHDC2,0.0
KLF7,0.0
KLF10,0.0
KIZ,0.0
KIT,0.0
KIFAP3,0.0
KIF5C,0.0
KIF3A,0.0
KIF2C,0.0
KIF22,0.0
KIF21A,0.0
KIF20B,0.0
KIF20A,0.0
KIF18A,0.0
KIF16B,0.0
LAMP2,0.0
LAMC1,0.0
LAMB1,0.0
LACTB2,0.0
LACTB,0.0
L3MBTL3,0.0
KYAT3,0.0
KYAT1,0.0
KPNA7,0.0
KPNA1,0.0
KMT2E,0.0
KMT2C,0.0
KMT2A,0.0
KLHL28,0.0
KLHL20,0.0
KLHL13,0.0
LMNA,0.0
LMBRD1,0.0
LIPA,0.0
LINS1,0.0
LIN7C,0.0
LIMS1,0.0
LIMK2,0.0
LIAS,0.0
LHFPL2,0.0
LGMN,0.0
LEPROT,0.0
LEO1,0.0
LEF1,0.0
LDHA,0.0
LCLAT1,0.0
LAPTM4A,0.0
LSM8,0.0
LSG1,0.0
LRWD1,0.0
LRRFIP2,0.0
LRRC59,0.0
LRRC57,0.0
LRRC4C,0.0
LRRC42,0.0
LRR1,0.0
LRPPRC,0.0
LRPAP1,0.0
LRP6,0.0
LRAT,0.0
LPGAT1,0.0
LPCAT2,0.0
LPAR2,0.0
MAP2K4,0.0
MAP1LC3A,0.0
MAP1B,0.0
MAOA,0.0
MANBA,0.0
MAN2A1,0.0
MAN1A2,0.0
MALT1,0.0
MAGT1,0.0
MAGI3,0.0
MAGED1,0.0
LYSMD3,0.0
LXN,0.0
LTN1,0.0
LTA4H,0.0
LSMEM2,0.0
ADNP,0.0
ADM,0.0
ADK,0.0
MBNL3,0.0
MBNL1,0.0
MBIP,0.0
MAT2B,0.0
MASTL,0.0
MAPRE2,0.0
MAPKAPK3,0.0
MAPK8,0.0
MAPK14,0.0
MAP4K4,0.0
MAP3K7,0.0
MAP3K15,0.0
MAP3K1,0.0
MCM3,0.0
MCM2,0.0
MCFD2,0.0
MCAT,0.0
MBTD1,0.0
MBOAT1,0.0
AGPAT5,0.0
AGPAT4,0.0
AGK,0.0
AGGF1,0.0
AFTPH,0.0
AFAP1L2,0.0
AEN,0.0
AEBP2,0.0
ADSL,0.0
MED15,0.0
MED14,0.0
MED13L,0.0
MED13,0.0
MED10,0.0
MED1,0.0
ME2,0.0
ME1,0.0
MDN1,0.0
MDM2,0.0
MDH2,0.0
MDH1,0.0
MCUB,0.0
MCU,0.0
MCRIP2,0.0
MCMBP,0.0
MFGE8,0.0
MFAP3L,0.0
MFAP2,0.0
METTL6,0.0
METTL3,0.0
METTL22,0.0
METTL18,0.0
METTL14,0.0
MEST,0.0
MESP1,0.0
MESD,0.0
MEMO1,0.0
MELK,0.0
MED7,0.0
MED28,0.0
MED27,0.0
MIER1,0.0
MID1IP1,0.0
MID1,0.0
MICU1,0.0
MIB1,0.0
MIA3,0.0
MGST3,0.0
MGMT,0.0
MGAT4A,0.0
MGAT1,0.0
MGARP,0.0
MGA,0.0
MFSD8,0.0
MFSD5,0.0
MFSD2A,0.0
MFSD1,0.0
MMGT1,0.0
MMADHC,0.0
MLST8,0.0
MLLT3,0.0
MLLT11,0.0
MKRN2,0.0
MKRN1,0.0
MKNK1,0.0
MKLN1,0.0
MITD1,0.0
MIOS,0.0
MINPP1,0.0
MINDY3,0.0
MINDY1,0.0
MIGA1,0.0
MIER3,0.0
MPZL1,0.0
MPP7,0.0
MPI,0.0
MPHOSPH9,0.0
MOSPD2,0.0
MOS,0.0
MORF4L2,0.0
MORC3,0.0
MORC2,0.0
MON1B,0.0
MON1A,0.0
MOCS2,0.0
MNS1,0.0
MND1,0.0
MMS22L,0.0
MMP2,0.0
MRS2,0.0
MRRF,0.0
MRPS6,0.0
MRPS35,0.0
MRPS10,0.0
MRPL55,0.0
MRPL49,0.0
MRPL39,0.0
MRPL3,0.0
MRPL24,0.0
MRPL10,0.0
MRPL1,0.0
MRNIP,0.0
MRM3,0.0
MRI1,0.0
MPZL2,0.0
MTHFD1,0.0
MTFR2,0.0
MTFR1L,0.0
MTFR1,0.0
MTFP1,0.0
MTFMT,0.0
MTF2,0.0
MTA3,0.0
MTA2,0.0
MT3,0.0
MSTO1,0.0
MSN,0.0
MSMO1,0.0
MSL3,0.0
MSH3,0.0
MSANTD4,0.0
MXD3,0.0
MXD1,0.0
MVP,0.0
MVK,0.0
MTX2,0.0
MTUS2,0.0
MTSS1,0.0
MTPAP,0.0
MTO1,0.0
MTMR3,0.0
MTMR2,0.0
MTMR14,0.0
MTM1,0.0
MTIF2,0.0
MTHFD2,0.0
MTHFD1L,0.0
NAA35,0.0
NAA20,0.0
NAA15,0.0
N4BP2,0.0
MYOF,0.0
MYO6,0.0
MYO5C,0.0
MYO1E,0.0
MYO1C,0.0
MYO1B,0.0
MYO10,0.0
MYNN,0.0
MYEF2,0.0
MYCN,0.0
MYCBP2,0.0
MYC,0.0
NCAPH,0.0
NCAPG,0.0
NBR1,0.0
NAXD,0.0
NAV2,0.0
NAT9,0.0
NAT10,0.0
NARS2,0.0
NAMPT,0.0
NAGK,0.0
NAF1,0.0
NABP1,0.0
NAB1,0.0
NAALAD2,0.0
NAAA,0.0
NAA50,0.0
NDN,0.0
NDFIP2,0.0
NDEL1,0.0
NDC80,0.0
NDC1,0.0
NCSTN,0.0
NCOR1,0.0
NCOA7,0.0
NCOA6,0.0
NCOA5,0.0
NCOA3,0.0
NCOA1,0.0
NCLN,0.0
NCKAP1,0.0
NCK1,0.0
NCBP1,0.0
NEK2,0.0
NEK1,0.0
NEIL3,0.0
NEDD4L,0.0
NEDD1,0.0
NECTIN3,0.0
NECTIN2,0.0
NDUFV1,0.0
NDUFS2,0.0
NDUFS1,0.0
NDUFAF7,0.0
NDUFAF6,0.0
NDUFAF5,0.0
NDUFAF4,0.0
NDUFAF1,0.0
NDUFA10,0.0
NGLY1,0.0
NFYB,0.0
NFXL1,0.0
NFKBIA,0.0
NFKB2,0.0
NFIL3,0.0
NFE2L3,0.0
NFE2L2,0.0
NF1,0.0
NEU1,0.0
NEPRO,0.0
NELL2,0.0
NELFE,0.0
NEK9,0.0
NEK6,0.0
NEK4,0.0
NOC3L,0.0
NOC2L,0.0
NOB1,0.0
NNT,0.0
NNAT,0.0
NMRAL1,0.0
NMNAT1,0.0
NME7,0.0
NMD3,0.0
NLRP9,0.0
NKTR,0.0
NKIRAS1,0.0
NKAP,0.0
NIN,0.0
NID1,0.0
NHEJ1,0.0
NSD3,0.0
NSD1,0.0
NRBF2,0.0
NR6A1,0.0
NR2C1,0.0
NQO1,0.0
NPTN,0.0
NPRL3,0.0
NPM2,0.0
NPEPPS,0.0
NPC2,0.0
NPC1,0.0
NPAT,0.0
NOP9,0.0
NOP2,0.0
NOC4L,0.0
NUP153,0.0
NUP133,0.0
NUP107,0.0
NUMB,0.0
NUF2,0.0
NUCB1,0.0
NUBP2,0.0
NUB1,0.0
NT5DC2,0.0
NT5DC1,0.0
NSUN7,0.0
NSUN3,0.0
NSMAF,0.0
NSL1,0.0
NSF,0.0
NSDHL,0.0
OPTN,0.0
OPA1,0.0
OOEP,0.0
ONECUT2,0.0
OMA1,0.0
OGT,0.0
OGFOD2,0.0
OGDH,0.0
OCLN,0.0
OAZ2,0.0
NXT2,0.0
NUS1,0.0
AAAS,0.0
NUP43,0.0
NUP214,0.0
NUP155,0.0
OTUD6B,0.0
OSTM1,0.0
OSTF1,0.0
OSGIN2,0.0
OSGEPL1,0.0
OSGEP,0.0
OSBPL9,0.0
OSBPL8,0.0
OSBPL7,0.0
OSBPL6,0.0
OSBPL1A,0.0
ORC5,0.0
ORC4,0.0
ORC3,0.0
ORC2,0.0
ORC1,0.0
PAIP1,0.0
PAFAH1B3,0.0
PAFAH1B2,0.0
PAFAH1B1,0.0
PAF1,0.0
PADI6,0.0
PACSIN2,0.0
PAAF1,0.0
P4HA2,0.0
P4HA1,0.0
P3H1,0.0
P2RY11,0.0
OXR1,0.0
OXNAD1,0.0
OXCT1,0.0
OTUD7B,0.0
PAXBP1,0.0
PAX6,0.0
PATL1,0.0
PARPBP,0.0
PARP2,0.0
PARP12,0.0
PARD6B,0.0
PARD3B,0.0
PARD3,0.0
PAQR8,0.0
PAPOLG,0.0
PANK3,0.0
PAN3,0.0
PAN2,0.0
PALB2,0.0
PAIP2,0.0
PDE6D,0.0
PDE6C,0.0
PDE5A,0.0
PDE12,0.0
PDCD4,0.0
PDCD10,0.0
PCOLCE2,0.0
PCMT1,0.0
PCLAF,0.0
PCID2,0.0
PCF11,0.0
PCCB,0.0
PCBD1,0.0
PBXIP1,0.0
PBK,0.0
PBDC1,0.0
ACTR6,0.0
ACTR3,0.0
ACTR2,0.0
ACTR1A,0.0
PDZD9,0.0
PDZD11,0.0
PDRG1,0.0
PDLIM5,0.0
PDLIM1,0.0
PDK3,0.0
PDIA5,0.0
PDIA3,0.0
PDHX,0.0
PDHB,0.0
PDGFRA,0.0
PDGFA,0.0
PEX1,0.0
PELO,0.0
PELI1,0.0
PECR,0.0
PECAM1,0.0
ADIPOR2,0.0
ADH5,0.0
AAR2,0.0
ADGRA3,0.0
ADD3,0.0
ADCY3,0.0
ADAMTS1,0.0
ADAM10,0.0
ADAD1,0.0
ACYP2,0.0
ACTR8,0.0
PHF11,0.0
PHF1,0.0
PHC3,0.0
PHC1,0.0
PHACTR4,0.0
PHACTR2,0.0
PGRMC2,0.0
PGRMC1,0.0
PGM5,0.0
PGM3,0.0
PGM2,0.0
PGK1,0.0
PGAM1,0.0
PFKL,0.0
PEX5L,0.0
PEX3,0.0
PIGP,0.0
PIGC,0.0
PIGA,0.0
PIAS4,0.0
PIAS1,0.0
PI4KB,0.0
PHTF2,0.0
PHOSPHO2,0.0
PHKG2,0.0
PHIP,0.0
PHGDH,0.0
PHF20L1,0.0
PHF20,0.0
PHF14,0.0
PHF13,0.0
PHF12,0.0
PKIG,0.0
PKIA,0.0
PJA1,0.0
PITHD1,0.0
PIP5K1A,0.0
PIP4K2C,0.0
PIP4K2A,0.0
PIMREG,0.0
PIK3R4,0.0
PIK3R1,0.0
PIK3C3,0.0
PIK3C2A,0.0
PIH1D1,0.0
PIGX,0.0
PIGU,0.0
PIGT,0.0
PLPP5,0.0
PLP2,0.0
PLOD2,0.0
PLOD1,0.0
PLLP,0.0
PLGRKT,0.0
PLEKHG3,0.0
PLEKHB2,0.0
PLEKHA5,0.0
PLEKHA1,0.0
PLEK2,0.0
PLAA,0.0
PLA2G4A,0.0
PKP4,0.0
PKP2,0.0
PKM,0.0
POLR1E,0.0
POLR1C,0.0
POLR1B,0.0
POLE3,0.0
POLDIP2,0.0
POLD3,0.0
POLD1,0.0
POGK,0.0
POFUT1,0.0
PODXL,0.0
POC5,0.0
PNPLA8,0.0
PNP,0.0
PMS1,0.0
PMM1,0.0
PLS3,0.0
PPM1B,0.0
PPIP5K2,0.0
PPIL4,0.0
PPIL3,0.0
PPIL2,0.0
PPIF,0.0
PPID,0.0
PPHLN1,0.0
PPFIBP1,0.0
PPCDC,0.0
PPAT,0.0
PP2D1,0.0
POU2F1,0.0
PORCN,0.0
POLR3A,0.0
POLR2B,0.0
PRCP,0.0
PPRC1,0.0
PPP6C,0.0
PPP5C,0.0
PPP4R4,0.0
PPP4R3B,0.0
PPP4R3A,0.0
PPP2R5A,0.0
PPP2R1B,0.0
PPP2CB,0.0
PPP1R15B,0.0
PPP1R15A,0.0
PPP1CB,0.0
PPP1CA,0.0
PPME1,0.0
PPM1D,0.0
PRPF39,0.0
PRPF3,0.0
PRKD3,0.0
PRKCI,0.0
PRKAR2A,0.0
PRKAR1A,0.0
PRKAB1,0.0
PRKAA1,0.0
PRIM2,0.0
PRIM1,0.0
PREPL,0.0
PREP,0.0
PRDX6,0.0
PRDX3,0.0
PRDM5,0.0
PRDM4,0.0
PSMD3,0.0
PSMD14,0.0
PSMD13,0.0
PSMD12,0.0
PSMC6,0.0
PSMC2,0.0
PSEN1,0.0
PSAT1,0.0
PSAP,0.0
PRUNE1,0.0
PRTFDC1,0.0
PRSS12,0.0
PRR14L,0.0
PRPSAP1,0.0
PRPF8,0.0
PRPF4,0.0
PTRH2,0.0
PTPRK,0.0
PTPRJ,0.0
PTPN13,0.0
PTPMT1,0.0
PTP4A1,0.0
PTN,0.0
PTGR1,0.0
PTGIS,0.0
PTGES3,0.0
PTGES,0.0
PTCD3,0.0
PTBP3,0.0
PTBP2,0.0
PSPH,0.0
PSME4,0.0
RAB24,0.0
RAB22A,0.0
RAB13,0.0
RAB11FIP4,0.0
RAB10,0.0
QTRT2,0.0
QTRT1,0.0
QSER1,0.0
QRSL1,0.0
PXK,0.0
PXDN,0.0
PUSL1,0.0
PUS7L,0.0
PUS3,0.0
PUS1,0.0
PUM1,0.0
RAE1,0.0
RAD54L,0.0
RAD51AP1,0.0
RAD51,0.0
RAD17,0.0
RAD1,0.0
RACGAP1,0.0
RABGAP1L,0.0
RABGAP1,0.0
RABEPK,0.0
RABEP1,0.0
RAB8B,0.0
RAB3GAP1,0.0
RAB34,0.0
RAB2B,0.0
RAB27A,0.0
RBBP9,0.0
RBBP5,0.0
RASSF8,0.0
RASSF1,0.0
RASA1,0.0
RARS2,0.0
RARRES1,0.0
RAPGEF2,0.0
RAP2C,0.0
RAP1GDS1,0.0
RAP1A,0.0
RANBP9,0.0
RANBP17,0.0
RALGPS2,0.0
RALGAPB,0.0
RALB,0.0
RCBTB1,0.0
RCAN1,0.0
RBPMS2,0.0
RBPMS,0.0
RBPJ,0.0
RBP2,0.0
RBMX,0.0
RBMS1,0.0
RBM5,0.0
RBM48,0.0
RBM47,0.0
RBM41,0.0
RBM26,0.0
RBM19,0.0
RBM18,0.0
RBFOX2,0.0
RFC5,0.0
REV1,0.0
REPS2,0.0
REPS1,0.0
RENBP,0.0
REEP5,0.0
REEP4,0.0
RECQL,0.0
RCN3,0.0
RCN2,0.0
RCN1,0.0
RCL1,0.0
RCHY1,0.0
RCE1,0.0
RCC1,0.0
RCBTB2,0.0
RINT1,0.0
RIMKLB,0.0
RIF1,0.0
RIBC1,0.0
RHPN2,0.0
RHOV,0.0
RHOT1,0.0
RHOF,0.0
RHOD,0.0
RHOA,0.0
RHNO1,0.0
RHEBL1,0.0
RHBDD1,0.0
RGL1,0.0
RFWD3,0.0
RFESD,0.0
RORB,0.0
RNF8,0.0
RNF38,0.0
RNF26,0.0
RNF2,0.0
RNF19A,0.0
RNF181,0.0
RNF17,0.0
RNF167,0.0
RNF146,0.0
ABCB6,0.0
RNF138,0.0
RNF111,0.0
RMND5B,0.0
RLF,0.0
RIPOR1,0.0
RPUSD3,0.0
RPS6KC1,0.0
RPS6KB1,0.0
RPRD1B,0.0
RPRD1A,0.0
RPP40,0.0
RPP38,0.0
RPP30,0.0
RPP25L,0.0
RPN2,0.0
RPN1,0.0
RPIA,0.0
RPGR,0.0
RPAP2,0.0
RPA2,0.0
RPA1,0.0
SAP130,0.0
SALL2,0.0
SAE1,0.0
S100PBP,0.0
S100A14,0.0
S100A10,0.0
RYK,0.0
RUVBL2,0.0
RUNX1T1,0.0
RTCB,0.0
RTCA,0.0
RSPRY1,0.0
RSPO3,0.0
RSF1,0.0
RRP12,0.0
RRAGD,0.0
SCG5,0.0
SCFD1,0.0
SCD,0.0
SCARB2,0.0
SCAPER,0.0
SCAP,0.0
SCAMP4,0.0
SCAMP3,0.0
SCAMP2,0.0
SCAF8,0.0
SC5D,0.0
SBNO1,0.0
SBDS,0.0
SAT2,0.0
SAT1,0.0
SAR1B,0.0
SEC24A,0.0
SEC23IP,0.0
SEC23B,0.0
SEC22B,0.0
SEC22A,0.0
SDF4,0.0
SDE2,0.0
SDCBP2,0.0
SDCBP,0.0
SDC2,0.0
SCYL3,0.0
SCYL2,0.0
SCTR,0.0
SCML2,0.0
SCLT1,0.0
SCIN,0.0
SERPING1,0.0
SERPINE2,0.0
SERINC5,0.0
SERINC1,0.0
SENP6,0.0
SENP5,0.0
SENP2,0.0
SELENOS,0.0
SECISBP2L,0.0
SECISBP2,0.0
SEC61A2,0.0
SEC61A1,0.0
SEC31A,0.0
SEC24D,0.0
SEC24C,0.0
SEC24B,0.0
SGO2,0.0
SGO1,0.0
SGK1,0.0
SFXN1,0.0
SFT2D1,0.0
SFSWAP,0.0
SFRP1,0.0
SFR1,0.0
SF3A3,0.0
SETX,0.0
SETD2,0.0
SESTD1,0.0
SESN2,0.0
SESN1,0.0
SERTAD3,0.0
SERTAD1,0.0
SIN3A,0.0
SIDT2,0.0
SHTN1,0.0
SHQ1,0.0
SHOC2,0.0
SHISA5,0.0
SHCBP1,0.0
SHC1,0.0
SH3PXD2A,0.0
SH3GLB1,0.0
SH3GL2,0.0
SH3BP5,0.0
SH3BGRL,0.0
SGTA,0.0
SGPP2,0.0
SGPL1,0.0
SLC23A2,0.0
SLC1A5,0.0
SLC1A3,0.0
SLC1A1,0.0
SLC19A2,0.0
SLC15A1,0.0
SLC13A4,0.0
SLC12A6,0.0
SLC12A2,0.0
SLC10A7,0.0
SLC10A3,0.0
SLAIN2,0.0
SKP2,0.0
SKIL,0.0
SIRT1,0.0
SIPA1L1,0.0
SLC2A8,0.0
SLC2A12,0.0
SLC29A1,0.0
SLC28A3,0.0
SLC26A6,0.0
SLC25A46,0.0
SLC25A4,0.0
SLC25A35,0.0
SLC25A32,0.0
SLC25A3,0.0
SLC25A26,0.0
SLC25A24,0.0
SLC25A20,0.0
SLC25A19,0.0
SLC25A17,0.0
SLC25A1,0.0
SLC3A1,0.0
SLC39A6,0.0
SLC39A4,0.0
SLC39A1,0.0
SLC38A9,0.0
SLC38A5,0.0
SLC38A2,0.0
SLC37A4,0.0
SLC35G1,0.0
SLC35F5,0.0
SLC35B2,0.0
SLC34A2,0.0
SLC33A1,0.0
SLC31A2,0.0
SLC30A7,0.0
SLC30A5,0.0
ACO2,0.0
SMAD4,0.0
SMAD2,0.0
SLU7,0.0
SLK,0.0
SLF1,0.0
SLC7A9,0.0
SLC7A3,0.0
SLC6A8,0.0
SLC6A20,0.0
SLC5A6,0.0
SLC4A7,0.0
SLC4A11,0.0
SLC43A2,0.0
SLC41A1,0.0
SLC3A2,0.0
SMIM14,0.0
SMG7,0.0
SMARCD1,0.0
SMARCA1,0.0
SMAD5,0.0
ACTR10,0.0
ACTC1,0.0
ACTA2,0.0
ACSS2,0.0
ACSL4,0.0
ACSL3,0.0
ACSL1,0.0
ACSBG1,0.0
ACP6,0.0
ACOX1,0.0
ACOT7,0.0
SORD,0.0
SOAT1,0.0
SNX9,0.0
SNX7,0.0
SNX3,0.0
SNX27,0.0
SNX25,0.0
SNX16,0.0
SNX14,0.0
SNX13,0.0
SNRNP40,0.0
SNRK,0.0
SNAPC2,0.0
SNAPC1,0.0
SMYD5,0.0
SMU1,0.0
SPTLC1,0.0
SPRYD7,0.0
SPRED2,0.0
SPPL2B,0.0
SPINT1,0.0
SPDL1,0.0
SPC25,0.0
SPATS2L,0.0
SPATA7,0.0
SPAST,0.0
SPART,0.0
SPARC,0.0
SPAG8,0.0
SPAG1,0.0
SP3,0.0
SORL1,0.0
SSX2IP,0.0
SSR2,0.0
SRSF1,0.0
SRRM4,0.0
SRPX,0.0
SRPK3,0.0
SRPK2,0.0
SRP72,0.0
SRP68,0.0
SRP54,0.0
SRI,0.0
SRGAP1,0.0
SQSTM1,0.0
SQLE,0.0
SPTY2D1,0.0
SPTLC2,0.0
STK39,0.0
STK38L,0.0
STK35,0.0
STIP1,0.0
STAU1,0.0
STAT3,0.0
STAT2,0.0
STARD7,0.0
STARD3NL,0.0
STARD3,0.0
STAMBP,0.0
STAM2,0.0
STAM,0.0
STAB1,0.0
ST6GALNAC4,0.0
ST14,0.0
SUCO,0.0
SUCLG2,0.0
SUCLG1,0.0
SUCLA2,0.0
STX7,0.0
STX6,0.0
STX3,0.0
STX17,0.0
STX12,0.0
STT3B,0.0
STT3A,0.0
STRN,0.0
STRIP1,0.0
STRBP,0.0
STRAP,0.0
STRADA,0.0
SYNC,0.0
SYCP3,0.0
SYCP2,0.0
SYCN,0.0
SYAP1,0.0
SWT1,0.0
SWAP70,0.0
SVIL,0.0
SUV39H2,0.0
SUSD6,0.0
SUPV3L1,0.0
SUPT3H,0.0
SUOX,0.0
SUN2,0.0
SUMF1,0.0
SUDS3,0.0
TAGLN,0.0
TAF9B,0.0
TAF7,0.0
TAF2,0.0
TAF1B,0.0
TAF1A,0.0
TADA3,0.0
TADA2B,0.0
TADA2A,0.0
TADA1,0.0
TACSTD2,0.0
TACC3,0.0
TAB2,0.0
SYTL3,0.0
SYNRG,0.0
SYNE2,0.0
TC2N,0.0
TBX3,0.0
TBRG4,0.0
TBPL1,0.0
TBL1XR1,0.0
TBCC,0.0
TBC1D9B,0.0
TBC1D32,0.0
TBC1D31,0.0
TBC1D15,0.0
TARBP2,0.0
TAOK3,0.0
TANK,0.0
TANGO2,0.0
TANC1,0.0
TAMM41,0.0
TEFM,0.0
TEC,0.0
TEAD4,0.0
TEAD1,0.0
TDRKH,0.0
TDRD10,0.0
TDP2,0.0
TDP1,0.0
TDG,0.0
TCP11L1,0.0
TCN2,0.0
TCIRG1,0.0
TCF7L1,0.0
TCF12,0.0
TCEAL9,0.0
TCAF1,0.0
TIMM22,0.0
TIMELESS,0.0
TIGAR,0.0
TIAM1,0.0
TIA1,0.0
THUMPD2,0.0
THAP11,0.0
TGIF1,0.0
TGFBR1,0.0
TGDS,0.0
TFRC,0.0
TFIP11,0.0
TFB2M,0.0
TFAP2C,0.0
TEX30,0.0
TET1,0.0
TMCO3,0.0
TMA16,0.0
TM2D3,0.0
TLR7,0.0
TLN2,0.0
TLK2,0.0
TLE4,0.0
TKT,0.0
TJP2,0.0
TIPRL,0.0
TIPIN,0.0
TIPARP,0.0
TINF2,0.0
TIMP1,0.0
TIMM8A,0.0
TIMM50,0.0
TMEM47,0.0
TMEM41B,0.0
TMEM39A,0.0
TMEM254,0.0
TMEM214,0.0
TMEM209,0.0
TMEM192,0.0
TMEM19,0.0
TMEM183A,0.0
TMEM168,0.0
TMEM14A,0.0
TMEM131L,0.0
TMEM131,0.0
TMEM109,0.0
TMEM101,0.0
TMED9,0.0
TNKS,0.0
TNFSF9,0.0
TNFRSF21,0.0
TNFRSF12A,0.0
TNFAIP1,0.0
TMX4,0.0
TMX3,0.0
TMX2,0.0
TMUB1,0.0
TMTC3,0.0
TMF1,0.0
TMEM98,0.0
TMEM87A,0.0
TMEM86A,0.0
TMEM63B,0.0
TMEM63A,0.0
TPM4,0.0
TPM2,0.0
TPM1,0.0
TPK1,0.0
TPI1,0.0
TP53I3,0.0
TOR3A,0.0
TOPORS,0.0
TOP2B,0.0
TOP2A,0.0
TOMM34,0.0
TOGARAM1,0.0
TNPO3,0.0
TNPO2,0.0
TNNT1,0.0
TNN,0.0
TRIM59,0.0
TRIM46,0.0
TRIM37,0.0
TRIM36,0.0
TRIM24,0.0
TRAPPC6B,0.0
TRAPPC5,0.0
TRAPPC2L,0.0
TRAPPC2,0.0
TRAPPC13,0.0
TRAPPC11,0.0
TRAM1,0.0
TRAK2,0.0
TRAFD1,0.0
TPST1,0.0
TPMT,0.0
TSEN34,0.0
TSC22D2,0.0
TSC22D1,0.0
TRPM7,0.0
TRPM6,0.0
TRNT1,0.0
TRNAU1AP,0.0
TRMU,0.0
TRMT5,0.0
TRMT1L,0.0
TRMT112,0.0
TRMT11,0.0
TRMT1,0.0
TRIP6,0.0
TRIP11,0.0
TRIML2,0.0
TTK,0.0
TTF2,0.0
TTC5,0.0
TTC4,0.0
TTC3,0.0
TTC21B,0.0
TTC17,0.0
TTC14,0.0
TSTD1,0.0
TSR2,0.0
TSPAN6,0.0
TSPAN3,0.0
TSPAN13,0.0
TSPAN1,0.0
TSNAX,0.0
TSGA10,0.0
UACA,0.0
TYW5,0.0
TYRO3,0.0
TXNRD1,0.0
TXNDC9,0.0
TXNDC15,0.0
TXNDC12,0.0
TXLNA,0.0
TWF2,0.0
TWF1,0.0
TULP3,0.0
TUFT1,0.0
TUFM,0.0
TUBE1,0.0
TUBB,0.0
TUBA4A,0.0
UBXN2B,0.0
UBR5,0.0
UBQLN1,0.0
UBLCP1,0.0
UBL7,0.0
UBE4A,0.0
UBE2T,0.0
UBE2J1,0.0
UBE2H,0.0
UBASH3B,0.0
UBAP2,0.0
UBAP1,0.0
UBAC2,0.0
UBA6,0.0
UBA5,0.0
UAP1,0.0
UPK1B,0.0
UNG,0.0
UNC45A,0.0
UMPS,0.0
ULK4,0.0
UHRF2,0.0
UGP2,0.0
UGDH,0.0
UGCG,0.0
UFSP2,0.0
UFL1,0.0
UFD1,0.0
UEVLD,0.0
UCP2,0.0
UCHL1,0.0
UBXN4,0.0
USP37,0.0
USP34,0.0
USP28,0.0
USP25,0.0
USP24,0.0
USP2,0.0
USP15,0.0
USP11,0.0
USF1,0.0
UROD,0.0
URM1,0.0
URI1,0.0
URB2,0.0
UQCRC2,0.0
UQCRC1,0.0
UPRT,0.0
UTP4,0.0
UTP23,0.0
UTP20,0.0
UTP18,0.0
UTP15,0.0
UTP11,0.0
USPL1,0.0
USP9X,0.0
USP7,0.0
USP53,0.0
USP5,0.0
USP47,0.0
USP45,0.0
USP44,0.0
USP4,0.0
USP38,0.0
VRK1,0.0
VPS50,0.0
VPS45,0.0
VPS41,0.0
VPS39,0.0
VPS26A,0.0
VPS11,0.0
VMP1,0.0
VIRMA,0.0
VIPAS39,0.0
VIM,0.0
VCP,0.0
VCL,0.0
VCAN,0.0
UTRN,0.0
UTP6,0.0
ABHD5,0.0
ABCB7,0.0
ABHD18,0.0
WDR19,0.0
WDR18,0.0
WDR12,0.0
WDHD1,0.0
WDFY3,0.0
WASHC5,0.0
WASHC4,0.0
WASF2,0.0
WAPL,0.0
WAC,0.0
VWA5B2,0.0
VRTN,0.0
VRK2,0.0
WDR48,0.0
WDR47,0.0
WDR43,0.0
WDR36,0.0
WDR3,0.0
WDR26,0.0
ACBD6,0.0
ACAT1,0.0
ACADSB,0.0
ACADM,0.0
ACADL,0.0
ACACA,0.0
ACAA1,0.0
ABRAXAS2,0.0
ABL1,0.0
ABI1,0.0
XPC,0.0
WWTR1,0.0
WWC3,0.0
WWC2,0.0
WSB1,0.0
WNK3,0.0
WNK1,0.0
WLS,0.0
WIPF2,0.0
WEE2,0.0
WDR91,0.0
WDR89,0.0
WDR77,0.0
WDR75,0.0
WDR6,0.0
WDR5,0.0
ZC2HC1A,0.0
ZBTB8OS,0.0
ZBTB44,0.0
ZBTB33,0.0
ZBTB11,0.0
ZBTB10,0.0
YWHAH,0.0
YTHDF2,0.0
YPEL5,0.0
YIF1A,0.0
YBX3,0.0
YBX2,0.0
XRCC5,0.0
XPO7,0.0
XPNPEP2,0.0
XPNPEP1,0.0
ZNF451,0.0
ZFP64,0.0
ZFP36L1,0.0
ZFP36,0.0
ZFP30,0.0
ZFP1,0.0
ZFAND2A,0.0
ZDHHC5,0.0
ZDHHC18,0.0
ZCCHC8,0.0
ZCCHC7,0.0
ZCCHC2,0.0
ZC3HC1,0.0
ZC3HAV1,0.0
ZC3H8,0.0
ZKSCAN1,0.0
ARAF,0.0
ZYG11B,0.0
ZWILCH,0.0
ZW10,0.0
ZSCAN26,0.0
ZP4,0.0
ZP3,0.0
ZNF217,0.0
ZNF207,0.0
ZNF205,0.0
ZNF148,0.0
ZNF146,0.0
ZNF143,0.0
ZNF134,0.0
ZMYND11,0.0
ZNF507,0.0
